receiver,total_received,received_count,unique_senders,total_sent,sent_count,unique_receivers,total_transactions,total_money_moved,send_receive_ratio,risk_score,reason,risk_level
A0003,251324.79,47,46,223901.03,37,36,84,475225.82,0.8908831874484009,100,Fan-in; Fan-out; High money movement; Rapid pass-through; ,High
A0001,272595.5,58,57,35448.86,30,30,88,308044.36,0.1300419852858906,85,Fan-in; Fan-out; High money movement; ,High
A0007,65031.19,24,23,80116.16,25,25,49,145147.35,1.2319651539515115,80,Fan-out; Circular flow; ,High
A0027,43594.46,28,28,64552.23,32,32,60,108146.69,1.480743883511804,70,Fan-in; Fan-out; ,High
A0025,55661.17,26,26,79752.26,30,30,56,135413.43,1.4328168092765567,70,Fan-in; Fan-out; ,High
A1980,86112.89,36,36,42423.92,32,31,68,128536.81,0.4926547001267754,70,Fan-in; Fan-out; ,High
A1978,70092.81,28,28,60170.01,34,32,62,130262.82,0.8584334113584546,70,Fan-in; Fan-out; ,High
A1977,47893.39,31,31,52549.45,32,31,63,100442.84,1.0972171733928209,70,Fan-in; Fan-out; ,High
A1976,44325.86,30,29,48892.25,28,28,58,93218.11,1.1030186441955103,70,Fan-in; Fan-out; ,High
A0543,56911.29,26,26,37175.77,27,26,53,94087.06,0.6532231126723713,70,Fan-in; Fan-out; ,High
A1969,71655.71,38,38,43372.52,30,30,68,115028.23,0.605290492551117,70,Fan-in; Fan-out; ,High
A1029,33544.85,31,31,47021.44,25,25,56,80566.29000000001,1.4017484054929443,70,Fan-in; Fan-out; ,High
A1032,45434.36,32,31,42032.55,28,27,60,87466.91,0.9251269303672376,70,Fan-in; Fan-out; ,High
A1038,46541.66,25,25,36888.37,29,28,54,83430.03,0.7925881887324173,70,Fan-in; Fan-out; ,High
A1041,59487.86,26,26,71298.45,32,32,58,130786.31,1.1985378193130496,70,Fan-in; Fan-out; ,High
A1045,70736.78,39,38,61793.42,28,28,67,132530.2,0.8735684604246899,70,Fan-in; Fan-out; ,High
A1046,37216.89,27,27,38801.22,27,27,54,76018.11,1.042570187890498,70,Fan-in; Fan-out; ,High
A1986,50852.7,28,28,57438.36,29,29,57,108291.06,1.1295046280728458,70,Fan-in; Fan-out; ,High
A1995,66044.98,35,35,57848.920000000006,33,32,68,123893.9,0.8759018474984777,70,Fan-in; Fan-out; ,High
A1997,43862.11,28,28,66866.2,33,33,61,110728.31,1.5244638253836853,70,Fan-in; Fan-out; ,High
A1961,40126.63,27,27,51166.27,29,28,56,91292.9,1.2751200387373671,70,Fan-in; Fan-out; ,High
A1965,58713.2,29,29,50758.55,27,27,56,109471.75,0.864516837780942,70,Fan-in; Fan-out; ,High
A0047,61400.73,29,29,44538.41,27,27,56,105939.14,0.7253726462209815,70,Fan-in; Fan-out; ,High
A0017,44775.76,30,30,47455.97,32,31,62,92231.73,1.0598585037975907,70,Fan-in; Fan-out; ,High
A1973,46461.28,27,26,36094.58,28,28,55,82555.86,0.7768744210232693,70,Fan-in; Fan-out; ,High
A1015,47603.64,29,28,42484.1,27,27,56,90087.74,0.8924548626953737,70,Fan-in; Fan-out; ,High
A1018,37756.23,25,25,47769.27,29,28,54,85525.5,1.2652023255499818,70,Fan-in; Fan-out; ,High
A1021,36876.48,28,27,33073.19,25,25,53,69949.67000000001,0.8968640716250574,70,Fan-in; Fan-out; ,High
A1059,40214.57,26,26,36228.52,25,25,51,76443.09,0.9008804520351704,70,Fan-in; Fan-out; ,High
A1060,51236.46,31,31,24147.76,25,25,56,75384.22,0.4713003201235994,70,Fan-in; Fan-out; ,High
A1062,43333.9,25,25,56817.19,26,26,51,100151.09,1.3111487772852202,70,Fan-in; Fan-out; ,High
A1953,53118.7,28,28,51466.63,33,33,61,104585.33,0.968898523495492,70,Fan-in; Fan-out; ,High
A1960,27706.38,25,25,51767.37,28,28,53,79473.75,1.86842777728451,70,Fan-in; Fan-out; ,High
A1927,58430.14,28,28,32456.43,25,25,53,90886.57,0.555474109765953,70,Fan-in; Fan-out; ,High
A0066,25841.75,25,25,53144.91,29,29,54,78986.66,2.0565522845782502,70,Fan-in; Fan-out; ,High
A0072,49691.44,31,31,78347.31,28,28,59,128038.75,1.5766761840671148,70,Fan-in; Fan-out; ,High
A0073,50888.4,28,28,36007.65,25,25,53,86896.05,0.7075807060155164,70,Fan-in; Fan-out; ,High
A0077,64734.15,34,34,36474.29,26,26,60,101208.44,0.563447423037145,70,Fan-in; Fan-out; ,High
A1051,31406.16,25,25,49174.17,25,25,50,80580.33,1.5657492033410003,70,Fan-in; Fan-out; ,High
A1054,58144.29,35,34,63556.99,30,30,65,121701.28,1.0930908262874997,70,Fan-in; Fan-out; ,High
A1944,60806.59,31,30,43827.87,26,26,57,104634.46,0.7207750015253281,70,Fan-in; Fan-out; ,High
A0992,69112.77,31,31,31400.88,31,31,62,100513.65,0.4543426634470012,70,Fan-in; Fan-out; ,High
A1092,32137.25,32,32,64284.34,27,27,59,96421.59,2.0003061867459104,70,Fan-in; Fan-out; ,High
A1071,68980.43000000001,27,27,48926.12,32,31,59,117906.55000000002,0.7092753698404025,70,Fan-in; Fan-out; ,High
A0997,41453.32,28,28,43785.2,29,29,57,85238.51999999999,1.0562531541502589,70,Fan-in; Fan-out; ,High
A0079,48230.32,28,28,58373.63,35,34,63,106603.95,1.2103098217055164,70,Fan-in; Fan-out; ,High
A1913,66762.56999999999,31,31,33386.94,28,28,59,100149.51,0.5000847031502833,70,Fan-in; Fan-out; ,High
A1915,51102.21,26,26,73412.33,35,35,61,124514.54,1.4365783788998558,70,Fan-in; Fan-out; ,High
A0082,79134.26,36,36,37648.85,26,26,62,116783.11,0.4757591718176173,70,Fan-in; Fan-out; ,High
A0083,64937.05,30,29,53736.26,25,25,55,118673.31,0.8275131069243213,70,Fan-in; Fan-out; ,High
A0087,39388.2,25,25,65268.58,37,37,62,104656.78,1.6570592207818586,70,Fan-in; Fan-out; ,High
A0092,72646.37,33,33,44119.11,27,27,60,116765.48,0.6073133454569031,70,Fan-in; Fan-out; ,High
A1076,63733.32,36,36,64936.71,29,29,65,128670.03,1.0188816462095494,70,Fan-in; Fan-out; ,High
A1081,53224.24,30,30,49417.42,28,28,58,102641.66,0.9284758222945034,70,Fan-in; Fan-out; ,High
A1082,47842.63,28,28,46982.79,26,26,54,94825.42,0.9820277438761206,70,Fan-in; Fan-out; ,High
A1083,29620.94,25,25,64922.59,33,32,58,94543.53,2.191780206840161,70,Fan-in; Fan-out; ,High
A1014,61914.2,28,27,42949.01,30,29,58,104863.21,0.6936859395744434,70,Fan-in; Fan-out; ,High
A0103,65194.4,28,28,79958.33,25,25,53,145152.73,1.226460094732063,70,Fan-in; Fan-out; ,High
A0104,43017.43,26,26,41550.76,28,27,54,84568.19,0.9659052156300364,70,Fan-in; Fan-out; ,High
A0105,30972.95,25,25,71278.53,29,28,54,102251.48,2.3013155027209224,70,Fan-in; Fan-out; ,High
A0107,44980.26,28,28,60160.42,33,33,61,105140.68,1.337484932279182,70,Fan-in; Fan-out; ,High
A0109,28707.92,26,26,53694.65,26,26,52,82402.56999999999,1.8703775822142457,70,Fan-in; Fan-out; ,High
A0110,58036.12,29,28,38643.46,25,25,54,96679.58,0.6658518867215796,70,Fan-in; Fan-out; ,High
A0111,37775.79,26,26,69629.15,37,37,63,107404.94,1.8432215448042248,70,Fan-in; Fan-out; ,High
A0974,66069.41,26,26,54323.57,27,27,53,120392.98,0.8222196928956986,70,Fan-in; Fan-out; ,High
A0946,46584.98,34,34,59634.94,26,25,60,106219.92,1.2801323516721486,70,Fan-in; Fan-out; ,High
A0948,68560.66,34,34,80265.81,36,36,70,148826.47,1.1707269154060067,70,Fan-in; Fan-out; ,High
A1084,44723.89,29,29,51602.58,28,28,57,96326.47,1.153803481763326,70,Fan-in; Fan-out; ,High
A1086,45124.86,26,26,35631.82,25,25,51,80756.68,0.7896272697577345,70,Fan-in; Fan-out; ,High
A0985,68376.95,35,33,58493.99,28,28,63,126870.94,0.8554635736165477,70,Fan-in; Fan-out; ,High
A0987,41322.86,28,28,72807.95,26,25,54,114130.81,1.76192911139258,70,Fan-in; Fan-out; ,High
A0988,41723.45,29,29,55493.19,36,35,65,97216.64,1.3300240032883186,70,Fan-in; Fan-out; ,High
A0990,85039.9,34,33,36277.25,25,25,59,121317.15,0.4265909296694846,70,Fan-in; Fan-out; ,High
A1099,60893.82,32,32,64980.61,33,33,65,125874.43,1.067113378664699,70,Fan-in; Fan-out; ,High
A0962,52562.04,25,25,53253.28999999999,26,26,51,105815.33,1.0131511257934431,70,Fan-in; Fan-out; ,High
A0963,49692.52,30,29,42742.84,26,26,56,92435.36,0.8601463560310484,70,Fan-in; Fan-out; ,High
A0965,40933.28,26,26,45622.29,33,32,59,86555.57,1.1145525108176038,70,Fan-in; Fan-out; ,High
A1909,44603.35,29,29,52129.95,29,29,58,96733.3,1.1687451727280571,70,Fan-in; Fan-out; ,High
A1911,34511.19,28,28,46956.89,26,26,54,81468.08,1.3606279586418202,70,Fan-in; Fan-out; ,High
A1912,29327.07,27,27,56563.18,28,28,55,85890.25,1.928702048994325,70,Fan-in; Fan-out; ,High
A0122,35043.03,29,29,64696.3,28,28,57,99739.33,1.8461959482384944,70,Fan-in; Fan-out; ,High
A0126,45743.49,26,25,52503.64,32,29,58,98247.13,1.1477838704480134,70,Fan-in; Fan-out; ,High
A1889,88436.13,35,35,48376.07,29,28,64,136812.2,0.5470170393028279,70,Fan-in; Fan-out; ,High
A1893,62388.13,25,25,42701.21,28,27,53,105089.34,0.6844444608293276,70,Fan-in; Fan-out; ,High
A0096,36704.7,25,25,25620.52,25,25,50,62325.22,0.6980174201124107,70,Fan-in; Fan-out; ,High
A1922,59861.350000000006,29,27,49662.48,25,25,54,109523.83,0.829625125393931,70,Fan-in; Fan-out; ,High
A1923,57623.530000000006,30,30,53698.93,31,30,61,111322.46,0.9318924057585504,70,Fan-in; Fan-out; ,High
A1926,42439.76,34,34,46043.08,26,25,60,88482.84,1.0849043444166508,70,Fan-in; Fan-out; ,High
A0101,34847.51,25,25,40303.75,27,27,52,75151.26000000001,1.156574745225699,70,Fan-in; Fan-out; ,High
A0958,57581.0,28,28,50316.240000000005,27,27,55,107897.24,0.8738340772129697,70,Fan-in; Fan-out; ,High
A0959,56715.19,28,28,61355.69,34,34,62,118070.88,1.0818211135323712,70,Fan-in; Fan-out; ,High
A1105,36583.95,26,26,56561.850000000006,30,29,56,93145.80000000002,1.5460837334404842,70,Fan-in; Fan-out; ,High
A1107,42023.61,27,27,23142.16,25,25,52,65165.77,0.550694240689936,70,Fan-in; Fan-out; ,High
A1904,69539.36,32,31,72627.78,32,32,64,142167.14,1.0444125456432156,70,Fan-in; Fan-out; ,High
A1883,55585.59,26,26,43964.52,25,25,51,99550.11,0.7909337653877561,70,Fan-in; Fan-out; ,High
A1885,50370.27,29,29,63142.51,30,28,59,113512.78,1.2535670346813708,70,Fan-in; Fan-out; ,High
A0132,69019.9,39,38,57429.39,25,25,64,126449.29,0.8320700261808551,70,Fan-in; Fan-out; ,High
A0134,82439.21,26,26,48794.91,28,27,54,131234.12,0.591889587491195,70,Fan-in; Fan-out; ,High
A0140,35150.63,28,28,47559.75,26,25,54,82710.38,1.353026958549534,70,Fan-in; Fan-out; ,High
A1112,49384.47,25,25,48174.4,27,27,52,97558.87,0.9754969527869792,70,Fan-in; Fan-out; ,High
A1113,42369.6,26,26,55028.36,35,35,61,97397.96,1.298769872738945,70,Fan-in; Fan-out; ,High
A1114,43856.08,30,30,46559.74,30,30,60,90415.82,1.0616484647054638,70,Fan-in; Fan-out; ,High
A1117,34860.82,25,25,61771.82,30,30,55,96632.64,1.7719554502734014,70,Fan-in; Fan-out; ,High
A1094,47909.9,31,31,31163.1,27,27,58,79073.0,0.6504522029893612,70,Fan-in; Fan-out; ,High
A1097,78283.14,26,26,64363.03,34,34,60,142646.16999999998,0.8221825287028599,70,Fan-in; Fan-out; ,High
A0924,32814.32,25,25,53888.8,30,30,55,86703.12,1.6422342440739288,70,Fan-in; Fan-out; ,High
A0898,39679.8,28,28,60649.81,41,41,69,100329.61,1.5284807383101728,70,Fan-in; Fan-out; ,High
A0930,49228.08,30,29,53227.39,32,32,62,102455.47,1.081240422133059,70,Fan-in; Fan-out; ,High
A0936,67655.41,33,33,74216.48,33,33,66,141871.89,1.096977758319697,70,Fan-in; Fan-out; ,High
A0938,43734.48,25,25,61636.11,27,27,52,105370.59,1.4093253195190614,70,Fan-in; Fan-out; ,High
A0143,37365.55,26,26,67036.98,29,29,55,104402.53,1.7940851934469046,70,Fan-in; Fan-out; ,High
A0113,34945.59,26,26,69244.52,32,31,58,104190.11,1.9814952330179576,70,Fan-in; Fan-out; ,High
A0115,26816.88,26,26,51845.88,27,27,53,78662.76,1.9333300518181085,70,Fan-in; Fan-out; ,High
A0147,56580.72,32,32,69771.82,30,29,62,126352.54,1.2331377189968598,70,Fan-in; Fan-out; ,High
A0149,40487.28,33,32,62655.0,36,36,69,103142.28,1.5475230739135848,70,Fan-in; Fan-out; ,High
A0155,42762.23,31,30,57681.57,29,28,60,100443.8,1.3488905980815311,70,Fan-in; Fan-out; ,High
A1129,56426.27,29,29,43536.04,26,26,55,99962.31,0.771556227267902,70,Fan-in; Fan-out; ,High
A1130,64220.13,33,32,69929.72,29,29,62,134149.85,1.0889065469035957,70,Fan-in; Fan-out; ,High
A0952,36308.72,27,27,58351.24,26,26,53,94659.96,1.6070861214606298,70,Fan-in; Fan-out; ,High
A0954,38131.74,33,32,41814.72,27,27,60,79946.45999999999,1.096585679017008,70,Fan-in; Fan-out; ,High
A0955,58393.61,34,34,54847.14,29,29,63,113240.75,0.93926612860551,70,Fan-in; Fan-out; ,High
A0912,50474.0,29,29,29468.26,25,25,54,79942.26,0.5838304869833973,70,Fan-in; Fan-out; ,High
A1139,52262.9,28,28,61154.55,29,29,57,113417.45,1.1701331154604893,70,Fan-in; Fan-out; ,High
A1878,48836.03,35,35,38407.54,27,27,62,87243.57,0.7864590958765486,70,Fan-in; Fan-out; ,High
A1879,32995.17,26,25,62449.29,29,29,55,95444.46,1.8926797467629357,70,Fan-in; Fan-out; ,High
A1854,29577.79,26,25,48498.62,26,26,52,78076.41,1.6396972187577232,70,Fan-in; Fan-out; ,High
A1855,48911.85,28,28,43225.16,32,32,60,92137.01,0.8837359453792896,70,Fan-in; Fan-out; ,High
A1856,39623.17,25,25,55550.55,36,36,61,95173.72,1.4019713718008937,70,Fan-in; Fan-out; ,High
A0165,77031.94,25,25,94254.92,31,31,56,171286.86,1.2235823218265047,70,Fan-in; Fan-out; ,High
A0166,55040.38,26,26,49894.42,26,26,52,104934.8,0.9065057327002466,70,Fan-in; Fan-out; ,High
A0175,38423.07,31,31,41309.19,27,27,58,79732.26000000001,1.075114247768333,70,Fan-in; Fan-out; ,High
A1143,39922.53,25,25,52294.96,33,33,58,92217.49,1.3099109700712857,70,Fan-in; Fan-out; ,High
A1144,60038.02,35,35,51600.58,30,30,65,111638.6,0.8594650523118518,70,Fan-in; Fan-out; ,High
A1148,93503.41,29,28,58747.67,29,29,58,152251.08000000002,0.6282944119364202,70,Fan-in; Fan-out; ,High
A0915,31581.73,27,27,35482.77,28,28,55,67064.5,1.1235220489821172,70,Fan-in; Fan-out; ,High
A0917,60942.61,29,28,64206.36,34,34,63,125148.97,1.0535544834722372,70,Fan-in; Fan-out; ,High
A0919,56807.22,30,30,92335.7,26,26,56,149142.91999999998,1.6254219093981364,70,Fan-in; Fan-out; ,High
A0886,38433.96,28,27,47389.97,28,28,56,85823.93,1.2330233470607763,70,Fan-in; Fan-out; ,High
A0892,34639.89,26,26,66290.86,35,35,61,100930.75,1.913714506599184,70,Fan-in; Fan-out; ,High
A0893,45717.46,26,26,46263.77,29,28,55,91981.23,1.0119497014926029,70,Fan-in; Fan-out; ,High
A0896,81426.62,34,34,34671.93,27,27,61,116098.55,0.4258058359784552,70,Fan-in; Fan-out; ,High
A1154,46901.1,26,26,88481.02,38,38,64,135382.12,1.8865446652637143,70,Fan-in; Fan-out; ,High
A1858,39490.21,25,25,47552.33,26,26,51,87042.54000000001,1.204154903202591,70,Fan-in; Fan-out; ,High
A1860,57366.82,27,27,40830.86,27,27,54,98197.68,0.7117504508703811,70,Fan-in; Fan-out; ,High
A1836,59480.51,25,25,37753.2,25,25,50,97233.71,0.6347154723454793,70,Fan-in; Fan-out; ,High
A1837,51629.32,30,30,50926.64,38,38,68,102555.96,0.9863899040312752,70,Fan-in; Fan-out; ,High
A1840,38948.45,27,27,54547.5,30,29,57,93495.95,1.4005050265158177,70,Fan-in; Fan-out; ,High
A0177,32636.08,26,26,60053.08,31,31,57,92689.16,1.8400825099092784,70,Fan-in; Fan-out; ,High
A0179,62838.55,26,26,71770.82,37,36,63,134609.37,1.1421463416962996,70,Fan-in; Fan-out; ,High
A0186,49731.89,30,30,60391.01,29,29,59,110122.9,1.2143316893848193,70,Fan-in; Fan-out; ,High
A1157,59578.67,34,34,52865.03,28,28,62,112443.7,0.8873147050781764,70,Fan-in; Fan-out; ,High
A0901,69464.89,34,34,47030.27,27,27,61,116495.16,0.6770365576048563,70,Fan-in; Fan-out; ,High
A0905,65275.9,35,35,63344.52,26,26,61,128620.42,0.9704120510019776,70,Fan-in; Fan-out; ,High
A0875,49482.84,29,29,53234.69,26,26,55,102717.53,1.0758212341894684,70,Fan-in; Fan-out; ,High
A0876,51544.42,31,31,50706.22,29,29,60,102250.64,0.9837382979573736,70,Fan-in; Fan-out; ,High
A0877,50710.87,26,26,40795.3,27,27,53,91506.17,0.8044685488535299,70,Fan-in; Fan-out; ,High
A0878,71099.36,35,35,58196.36,30,28,65,129295.72,0.8185215731899697,70,Fan-in; Fan-out; ,High
A0202,51892.77,25,25,72532.42,34,34,59,124425.19,1.3977365247605782,70,Fan-in; Fan-out; ,High
A1811,38138.18,29,29,62467.09,32,31,61,100605.27,1.6379148139738182,70,Fan-in; Fan-out; ,High
A1815,39181.27,27,27,55550.03,25,25,52,94731.3,1.4177700212371882,70,Fan-in; Fan-out; ,High
A1816,41567.33,30,30,41060.15,28,28,58,82627.48000000001,0.9877985908645084,70,Fan-in; Fan-out; ,High
A1818,47719.54,33,33,54919.45,34,34,67,102638.99,1.1508797025285658,70,Fan-in; Fan-out; ,High
A1170,75927.4,34,34,57031.44,35,33,69,132958.84,0.7511312121842708,70,Fan-in; Fan-out; ,High
A1173,64740.58,37,37,63904.65,30,30,67,128645.23,0.9870880056990532,70,Fan-in; Fan-out; ,High
A1177,49990.84,25,25,46381.28,28,27,53,96372.12,0.9277955721488176,70,Fan-in; Fan-out; ,High
A1178,43442.5,28,28,44655.56,28,28,56,88098.06,1.0279233469528686,70,Fan-in; Fan-out; ,High
A1180,51376.35,27,27,51237.01,34,34,61,102613.36,0.997287857156065,70,Fan-in; Fan-out; ,High
A0881,70716.5,28,28,69601.69,30,30,58,140318.19,0.9842355037367516,70,Fan-in; Fan-out; ,High
A0883,41152.03,32,32,47980.52,30,29,62,89132.54999999999,1.1659332480074494,70,Fan-in; Fan-out; ,High
A1796,48512.41,30,30,50601.23,27,27,57,99113.64,1.0430574362312657,70,Fan-in; Fan-out; ,High
A1798,35289.18,28,28,42157.15,26,26,54,77446.33,1.1946197106308507,70,Fan-in; Fan-out; ,High
A1807,50353.48,28,28,77730.18,38,38,66,128083.66,1.5436903268651936,70,Fan-in; Fan-out; ,High
A0209,57405.83,26,26,48086.31,31,31,57,105492.14,0.8376555133860096,70,Fan-in; Fan-out; ,High
A0210,59031.41,29,29,46752.82,27,27,56,105784.23,0.7919990391555952,70,Fan-in; Fan-out; ,High
A0214,52434.41,33,33,54959.74,32,32,65,107394.15,1.0481616938190017,70,Fan-in; Fan-out; ,High
A0216,49291.69,25,25,56499.29,34,34,59,105790.98,1.146223430359154,70,Fan-in; Fan-out; ,High
A0217,57283.23,31,31,69729.56,34,33,65,127012.79,1.2172770285474477,70,Fan-in; Fan-out; ,High
A0220,35320.880000000005,25,25,52217.85,27,27,52,87538.73000000001,1.4783847401310497,70,Fan-in; Fan-out; ,High
A0864,30868.08,25,25,58487.02,28,28,53,89355.09999999999,1.8947411047269545,70,Fan-in; Fan-out; ,High
A1185,32597.84,26,25,64952.84,36,36,62,97550.68,1.992550426654036,70,Fan-in; Fan-out; ,High
A1188,48038.07,26,26,50342.87,27,27,53,98380.94,1.0479786136287323,70,Fan-in; Fan-out; ,High
A1192,45735.54,28,28,62816.47,26,26,54,108552.01,1.3734717027502026,70,Fan-in; Fan-out; ,High
A0868,80285.61,28,28,52343.1,30,30,58,132628.71,0.6519611671381708,70,Fan-in; Fan-out; ,High
A0870,58335.810000000005,32,32,48116.93,30,30,62,106452.74,0.8248266373604823,70,Fan-in; Fan-out; ,High
A0872,70288.17,29,28,81970.36,29,29,58,152258.53,1.1662042133121406,70,Fan-in; Fan-out; ,High
A0850,28232.19,26,25,71286.88,32,32,58,99519.07,2.525021261191569,70,Fan-in; Fan-out; ,High
A0852,44342.54,29,29,44951.21,25,25,54,89293.75,1.013726547915388,70,Fan-in; Fan-out; ,High
A0855,46485.93,30,29,61553.19,31,31,61,108039.12,1.3241251707774804,70,Fan-in; Fan-out; ,High
A0858,59442.22,27,27,50342.72,28,28,55,109784.94,0.8469185706724951,70,Fan-in; Fan-out; ,High
A0861,66692.06,34,34,42009.9,25,25,59,108701.96,0.6299085678265149,70,Fan-in; Fan-out; ,High
A0221,32829.08,30,30,68538.08,31,31,61,101367.16,2.087724663621399,70,Fan-in; Fan-out; ,High
A0196,48795.91,27,27,75184.62,29,29,56,123980.53,1.5407975791413664,70,Fan-in; Fan-out; ,High
A0198,48991.21,25,25,47145.71,25,25,50,96136.92,0.9623299771530444,70,Fan-in; Fan-out; ,High
A0201,75996.82,29,29,68504.86,28,28,57,144501.68,0.9014174540461034,70,Fan-in; Fan-out; ,High
A1775,48449.46,25,25,55107.53,27,27,52,103556.99,1.1374229970777796,70,Fan-in; Fan-out; ,High
A0234,53111.56,33,33,63377.9,30,30,63,116489.46,1.1932976549737948,70,Fan-in; Fan-out; ,High
A1820,38197.5,32,32,24016.17,26,26,58,62213.67,0.6287366974278421,70,Fan-in; Fan-out; ,High
A1822,50640.09,28,28,27370.52,25,25,53,78010.61,0.5404911405173253,70,Fan-in; Fan-out; ,High
A1823,41517.87,26,26,64957.04,30,30,56,106474.91,1.5645561778578718,70,Fan-in; Fan-out; ,High
A1824,98959.88,36,36,54300.86,29,29,65,153260.74,0.5487159038592205,70,Fan-in; Fan-out; ,High
A1828,59818.46,26,26,47951.4,27,27,53,107769.86,0.8016154210589842,70,Fan-in; Fan-out; ,High
A1782,50484.8,26,25,53910.12,32,30,58,104394.92,1.0678485405508191,70,Fan-in; Fan-out; ,High
A1788,37129.88,27,27,46776.35,26,25,53,83906.23,1.2598034251659311,70,Fan-in; Fan-out; ,High
A1760,60550.78,25,25,42620.29,32,32,57,103171.07,0.7038768121566725,70,Fan-in; Fan-out; ,High
A0243,62800.87,29,28,48347.86,26,25,55,111148.73,0.7698597169115651,70,Fan-in; Fan-out; ,High
A0245,47628.06,31,31,80474.27,31,31,62,128102.33,1.6896398887546544,70,Fan-in; Fan-out; ,High
A0246,55265.1,30,30,46211.01,28,28,58,101476.11,0.8361698431740828,70,Fan-in; Fan-out; ,High
A0247,66920.56,37,37,54091.38,26,26,63,121011.94,0.8082923992267848,70,Fan-in; Fan-out; ,High
A0254,44121.15,28,27,49180.18,25,25,53,93301.33,1.114662242484613,70,Fan-in; Fan-out; ,High
A0255,44572.28,27,27,56476.85,26,26,53,101049.13,1.267084609537587,70,Fan-in; Fan-out; ,High
A1761,69866.58,31,30,62321.87,27,27,58,132188.45,0.8920126045957881,70,Fan-in; Fan-out; ,High
A1763,64098.32,36,36,52279.46,29,29,65,116377.78,0.8156135761436493,70,Fan-in; Fan-out; ,High
A0845,49173.78,26,26,49640.27,27,27,53,98814.05,1.009486559707226,70,Fan-in; Fan-out; ,High
A0848,51662.32,33,33,60493.49,27,27,60,112155.81,1.170940252005717,70,Fan-in; Fan-out; ,High
A1202,40674.51,27,25,45382.86,28,28,55,86057.37,1.115756772484782,70,Fan-in; Fan-out; ,High
A1204,39703.18,35,34,39983.21,29,29,64,79686.39,1.0070530874353136,70,Fan-in; Fan-out; ,High
A0849,72518.84,35,35,56844.33,37,36,72,129363.17,0.7838560296882852,70,Fan-in; Fan-out; ,High
A0824,57587.39,27,27,35504.9,27,27,54,93092.29,0.6165394889402003,70,Fan-in; Fan-out; ,High
A0828,58706.880000000005,31,31,57919.25,33,33,64,116626.13,0.9865836849105248,70,Fan-in; Fan-out; ,High
A0804,65695.72,36,35,53114.37,28,28,64,118810.09,0.8084905683353496,70,Fan-in; Fan-out; ,High
A0835,43732.34,29,29,29414.34,26,26,55,73146.68000000001,0.6725992709285622,70,Fan-in; Fan-out; ,High
A0837,38235.21,25,25,40338.17,27,27,52,78573.38,1.0550006133090415,70,Fan-in; Fan-out; ,High
A0839,27284.39,26,26,53379.75,30,30,56,80664.14,1.9564208692222915,70,Fan-in; Fan-out; ,High
A1772,40251.1,25,25,72035.14,26,26,51,112286.24,1.7896440097289268,70,Fan-in; Fan-out; ,High
A1773,38600.69,30,30,46817.26,32,32,62,85417.95000000001,1.212860702749096,70,Fan-in; Fan-out; ,High
A1774,39950.36,30,30,52019.87,25,25,55,91970.23,1.3021126718257356,70,Fan-in; Fan-out; ,High
A0259,31818.5,27,27,68414.0,34,34,61,100232.5,2.1501327843864417,70,Fan-in; Fan-out; ,High
A0265,57362.98,29,29,41552.93,27,26,56,98915.91,0.7243858321168112,70,Fan-in; Fan-out; ,High
A0266,52242.77,32,31,104893.26,28,28,60,157136.03,2.0078043334991613,70,Fan-in; Fan-out; ,High
A0270,61284.69,28,28,63151.2,34,34,62,124435.88999999998,1.030456383152138,70,Fan-in; Fan-out; ,High
A1747,28209.69,30,30,38278.51,28,28,58,66488.2,1.3569277081740354,70,Fan-in; Fan-out; ,High
A1778,43436.07,26,26,43053.42,30,30,56,86489.48999999999,0.9911905013506056,70,Fan-in; Fan-out; ,High
A1779,47823.34,27,27,42081.83,25,25,52,89905.17,0.8799433498371299,70,Fan-in; Fan-out; ,High
A1221,67938.52,34,34,37240.12,25,25,59,105178.64,0.5481444105641394,70,Fan-in; Fan-out; ,High
A1223,43493.5,32,32,71163.29,27,26,59,114656.79,1.6361821881430556,70,Fan-in; Fan-out; ,High
A1751,55045.7,29,29,50266.14,26,26,55,105311.84,0.9131710560497914,70,Fan-in; Fan-out; ,High
A1754,34949.87,26,26,104096.2,28,28,54,139046.07,2.9784431243950262,70,Fan-in; Fan-out; ,High
A1757,25190.9,25,25,48003.33,26,26,51,73194.23000000001,1.9055821745154005,70,Fan-in; Fan-out; ,High
A1722,68609.44,36,36,51668.62,28,28,64,120278.06,0.7530832491855347,70,Fan-in; Fan-out; ,High
A1725,44497.81,31,30,61177.880000000005,34,34,65,105675.69,1.3748514814549302,70,Fan-in; Fan-out; ,High
A1726,40261.09,31,29,46212.17,29,29,60,86473.26000000001,1.1478121928641274,70,Fan-in; Fan-out; ,High
A1739,46650.16,25,25,42518.48,26,25,51,89168.63999999998,0.9114326724710056,70,Fan-in; Fan-out; ,High
A1742,31177.3,25,25,43384.51,25,25,50,74561.81,1.3915416023837857,70,Fan-in; Fan-out; ,High
A1226,53707.11,25,25,29684.39,29,29,54,83391.5,0.5527087568107835,70,Fan-in; Fan-out; ,High
A1228,47497.57,27,27,38021.63,25,25,52,85519.2,0.8004963201275349,70,Fan-in; Fan-out; ,High
A1207,45668.4,29,28,52186.97,26,26,55,97855.37,1.142736991004721,70,Fan-in; Fan-out; ,High
A1213,67903.69,34,33,37646.97,29,29,63,105550.66,0.5544171458134307,70,Fan-in; Fan-out; ,High
A0819,64630.16,34,34,68202.61,26,26,60,132832.77,1.0552752770533138,70,Fan-in; Fan-out; ,High
A0820,34105.06,25,25,67422.04,28,28,53,101527.1,1.976892578403322,70,Fan-in; Fan-out; ,High
A0277,34933.39,29,29,51519.03,28,27,57,86452.42,1.4747790008355903,70,Fan-in; Fan-out; ,High
A0278,60329.04,30,30,27721.11,26,26,56,88050.15,0.4594986096248175,70,Fan-in; Fan-out; ,High
A0283,46806.34,26,26,50835.66,27,27,53,97642.0,1.086084919265211,70,Fan-in; Fan-out; ,High
A0257,40099.68,27,27,47319.16,28,28,55,87418.84,1.1800383444456413,70,Fan-in; Fan-out; ,High
A0258,58236.33,35,34,48390.63,25,25,60,106626.96,0.8309354315424752,70,Fan-in; Fan-out; ,High
A1700,49878.05,29,28,51906.6,32,32,61,101784.65,1.0406701946046406,70,Fan-in; Fan-out; ,High
A1702,64025.48,32,32,75321.7,32,32,64,139347.18,1.1764331950342268,70,Fan-in; Fan-out; ,High
A1706,54168.42,29,29,62107.83,25,25,54,116276.25,1.1465689787518265,70,Fan-in; Fan-out; ,High
A1709,48015.0,32,32,48445.17,27,27,59,96460.17,1.008959075288972,70,Fan-in; Fan-out; ,High
A0293,57048.53,28,28,55354.77,36,36,64,112403.3,0.9703101902888648,70,Fan-in; Fan-out; ,High
A0300,54548.85,25,25,66882.95999999999,28,27,53,121431.81,1.2261112745731575,70,Fan-in; Fan-out; ,High
A1239,52846.17,32,32,48097.11,26,26,58,100943.28,0.9101342632777362,70,Fan-in; Fan-out; ,High
A1240,38857.99,25,25,63565.08,32,32,57,102423.07,1.635830365904155,70,Fan-in; Fan-out; ,High
A1242,46204.4,29,28,48476.42,29,28,58,94680.82,1.0491732389123114,70,Fan-in; Fan-out; ,High
A0810,37372.78,25,25,34730.68,28,28,53,72103.45999999999,0.9293041620131016,70,Fan-in; Fan-out; ,High
A0816,47005.69,27,27,83821.18000000001,40,40,67,130826.87,1.783213479049026,70,Fan-in; Fan-out; ,High
A0308,55875.83,26,26,80802.57,33,32,59,136678.4,1.4461095253529122,70,Fan-in; Fan-out; ,High
A0314,44008.2,30,29,43497.01,27,27,57,87505.20999999999,0.988384210215369,70,Fan-in; Fan-out; ,High
A0317,41147.29,30,30,75239.03,30,30,60,116386.32,1.8285294122650604,70,Fan-in; Fan-out; ,High
A0318,30270.79,28,28,72092.74,27,27,55,102363.53,2.3815942695912464,70,Fan-in; Fan-out; ,High
A0320,55040.0,32,32,49078.93,29,29,61,104118.93,0.891695675872093,70,Fan-in; Fan-out; ,High
A1681,60597.43,26,26,82587.98,35,35,61,143185.41,1.36289575316973,70,Fan-in; Fan-out; ,High
A1253,65928.09,30,30,36677.76,26,26,56,102605.85,0.5563297829498777,70,Fan-in; Fan-out; ,High
A1255,48493.09,27,27,45094.14,27,27,54,93587.23,0.9299085704788044,70,Fan-in; Fan-out; ,High
A1256,45879.35,28,28,39449.51,26,26,54,85328.86,0.8598532891159095,70,Fan-in; Fan-out; ,High
A1257,93676.96,35,34,43176.11,28,28,63,136853.07,0.4609042607702043,70,Fan-in; Fan-out; ,High
A0791,74188.19,32,31,53343.96,33,31,65,127532.15,0.7190357387071985,70,Fan-in; Fan-out; ,High
A0792,56566.060000000005,32,32,34040.28,25,25,57,90606.34,0.6017792294531384,70,Fan-in; Fan-out; ,High
A0798,40102.44,27,27,84414.79,33,33,60,124517.23,2.1049788990395597,70,Fan-in; Fan-out; ,High
A1233,37526.63,28,28,40094.49,26,26,54,77621.12,1.0684276738945118,70,Fan-in; Fan-out; ,High
A1236,54888.41,33,33,48862.64,28,28,61,103751.05,0.8902178073658902,70,Fan-in; Fan-out; ,High
A1238,39941.99,30,30,63161.3,29,29,59,103103.29,1.581325817767217,70,Fan-in; Fan-out; ,High
A0762,66334.51000000001,40,40,80171.48,31,31,71,146505.99,1.2085938375062992,70,Fan-in; Fan-out; ,High
A1270,98588.66,35,35,59859.17,32,32,67,158447.83000000002,0.6071608032810264,70,Fan-in; Fan-out; ,High
A1245,42063.08,28,28,47404.12,26,26,54,89467.20000000001,1.126976911819106,70,Fan-in; Fan-out; ,High
A1246,41918.19,28,28,46678.45,26,25,54,88596.64,1.113560723876675,70,Fan-in; Fan-out; ,High
A1249,45117.77,30,30,43770.7,31,31,61,88888.47,0.97014324954447,70,Fan-in; Fan-out; ,High
A1251,81063.33,37,37,45058.83,29,29,66,126122.16,0.5558472616409911,70,Fan-in; Fan-out; ,High
A1252,36064.45,26,25,46931.23,26,26,52,82995.68,1.3013155614462444,70,Fan-in; Fan-out; ,High
A1688,42967.15,28,28,37161.96,28,28,56,80129.11,0.8648923654466261,70,Fan-in; Fan-out; ,High
A0329,66891.72,37,36,47406.92,27,27,64,114298.64,0.708711332284474,70,Fan-in; Fan-out; ,High
A0330,71020.89,34,34,59690.59,30,30,64,130711.48,0.8404652490274341,70,Fan-in; Fan-out; ,High
A0331,47485.95,26,26,49539.16,25,25,51,97025.11,1.043238263107298,70,Fan-in; Fan-out; ,High
A0336,36930.37,27,27,39889.72,26,26,53,76820.09,1.0801332345167405,70,Fan-in; Fan-out; ,High
A1671,43416.86,25,25,32286.65,29,29,54,75703.51000000001,0.7436431377119396,70,Fan-in; Fan-out; ,High
A1672,46580.94,29,29,71116.28,28,28,57,117697.22,1.526724879317592,70,Fan-in; Fan-out; ,High
A0302,74070.78,30,30,43551.75,31,31,61,117622.53,0.5879747722381214,70,Fan-in; Fan-out; ,High
A0304,52528.35,38,38,59848.53,28,28,66,112376.88,1.1393567473564274,70,Fan-in; Fan-out; ,High
A1280,68957.51,30,30,57843.0,25,25,55,126800.51,0.8388208912995844,70,Fan-in; Fan-out; ,High
A0738,55498.14,31,31,43517.76,28,28,59,99015.9,0.7841300627372377,70,Fan-in; Fan-out; ,High
A0743,48247.02,30,30,59121.17,26,26,56,107368.19,1.2253849046013618,70,Fan-in; Fan-out; ,High
A0744,71513.13,38,37,35546.58,27,26,65,107059.71,0.4970636860671599,70,Fan-in; Fan-out; ,High
A1664,38577.69,27,27,51544.13,33,33,60,90121.82,1.33611240071658,70,Fan-in; Fan-out; ,High
A0339,56093.97,29,29,54141.63,30,30,59,110235.6,0.965195189429452,70,Fan-in; Fan-out; ,High
A0342,43040.32,31,31,43686.31,26,26,57,86726.63,1.0150089497475854,70,Fan-in; Fan-out; ,High
A0343,38046.68,26,26,46841.81,32,31,58,84888.48999999999,1.231166819286203,70,Fan-in; Fan-out; ,High
A0344,29338.89,27,27,44818.75,33,32,60,74157.64,1.5276225515007555,70,Fan-in; Fan-out; ,High
A0349,40964.87,27,27,58828.28,26,26,53,99793.15,1.4360665614220185,70,Fan-in; Fan-out; ,High
A1285,53807.48,33,33,47741.84,32,30,65,101549.32,0.8872714351238897,70,Fan-in; Fan-out; ,High
A1289,39827.82,26,26,77007.35,28,28,54,116835.17,1.9335065288534496,70,Fan-in; Fan-out; ,High
A0754,69986.79,25,25,59923.03,32,32,57,129909.82,0.8562048638035835,70,Fan-in; Fan-out; ,High
A0757,40753.89,25,25,100391.91,32,32,57,141145.8,2.463369999771801,70,Fan-in; Fan-out; ,High
A0759,63977.79,32,31,39596.0,27,27,59,103573.79,0.6189022784313118,70,Fan-in; Fan-out; ,High
A0761,53362.89,26,26,77988.92,35,35,61,131351.81,1.4614823147696836,70,Fan-in; Fan-out; ,High
A1297,41595.43,31,30,53772.68,31,31,62,95368.11,1.2927545165418413,70,Fan-in; Fan-out; ,High
A0327,42783.58,26,26,39992.01,28,28,54,82775.59,0.9347513695674836,70,Fan-in; Fan-out; ,High
A1644,33848.76,26,25,47579.380000000005,25,25,51,81428.14000000001,1.405646174335485,70,Fan-in; Fan-out; ,High
A1647,60045.55,29,29,49523.0,26,26,55,109568.55,0.8247572051550864,70,Fan-in; Fan-out; ,High
A0356,42372.87,29,29,51942.02,30,30,59,94314.89,1.225832000522976,70,Fan-in; Fan-out; ,High
A0357,59316.95,32,32,63825.4,35,35,67,123142.35,1.0760060994370075,70,Fan-in; Fan-out; ,High
A0358,31686.74,26,25,30189.98,25,25,51,61876.72,0.9527638374916448,70,Fan-in; Fan-out; ,High
A0360,47373.33,28,28,42896.94,26,26,54,90270.27,0.9055082258308632,70,Fan-in; Fan-out; ,High
A0364,39970.55,26,26,35554.49,26,26,52,75525.04000000001,0.8895171570068462,70,Fan-in; Fan-out; ,High
A0365,68298.59,32,31,35418.96,28,28,60,103717.55,0.5185899152530089,70,Fan-in; Fan-out; ,High
A0366,45558.45,29,28,49869.85,25,25,54,95428.3,1.094634475053475,70,Fan-in; Fan-out; ,High
A1300,47073.21,27,27,41654.73,27,27,54,88727.94,0.8848924898047105,70,Fan-in; Fan-out; ,High
A1302,37288.72,30,30,48722.29,26,26,56,86011.01000000001,1.3066227534761183,70,Fan-in; Fan-out; ,High
A1303,65649.53,32,32,34729.54,28,27,60,100379.07,0.5290142975890307,70,Fan-in; Fan-out; ,High
A1275,40451.34,26,25,35007.19,33,33,59,75458.53,0.8654148416344182,70,Fan-in; Fan-out; ,High
A1277,42495.38,26,26,66213.88,34,33,60,108709.26,1.5581430263713376,70,Fan-in; Fan-out; ,High
A0367,70628.43000000001,32,31,71424.86,28,28,60,142053.29,1.0112763373049634,70,Fan-in; Fan-out; ,High
A0368,70673.75,29,29,59539.74,34,34,63,130213.49,0.8424590459682697,70,Fan-in; Fan-out; ,High
A0369,80219.83,35,35,69417.78,25,25,60,149637.61,0.865344391779439,70,Fan-in; Fan-out; ,High
A0371,41565.18,25,25,32282.04,26,26,51,73847.22,0.7766606568286244,70,Fan-in; Fan-out; ,High
A0376,45566.14,35,34,69788.46,31,31,66,115354.6,1.5315859539561614,70,Fan-in; Fan-out; ,High
A0377,44071.37,28,28,63904.61,27,27,55,107975.98,1.4500254927405252,70,Fan-in; Fan-out; ,High
A0381,35722.770000000004,25,25,47767.57,33,33,58,83490.34,1.3371743008730843,70,Fan-in; Fan-out; ,High
A0384,44323.57,25,25,50957.04,29,29,54,95280.61,1.1496601018374648,70,Fan-in; Fan-out; ,High
A1318,48623.72,33,33,37406.2,30,30,63,86029.92,0.7692994283448489,70,Fan-in; Fan-out; ,High
A1320,87251.09,33,33,40638.13,29,29,62,127889.22,0.4657607142787557,70,Fan-in; Fan-out; ,High
A1321,44719.02,29,29,60342.04,32,32,61,105061.06,1.349359623712684,70,Fan-in; Fan-out; ,High
A1324,65607.06,27,27,54703.77,27,27,54,120310.83,0.8338091967541299,70,Fan-in; Fan-out; ,High
A1296,45658.12,25,25,42144.54,32,32,57,87802.66,0.9230458897563018,70,Fan-in; Fan-out; ,High
A0726,40051.66,25,25,63332.23,35,35,60,103383.88999999998,1.5812635481275932,70,Fan-in; Fan-out; ,High
A0727,53351.12,35,35,41928.07,29,29,64,95279.19,0.7858892184456483,70,Fan-in; Fan-out; ,High
A0733,46299.89,26,26,64548.5,28,28,54,110848.39,1.394139381324664,70,Fan-in; Fan-out; ,High
A1635,65354.2,27,27,57267.69,25,25,52,122621.89,0.8762664067496809,70,Fan-in; Fan-out; ,High
A1636,71318.75,27,27,41348.16,26,26,53,112666.91,0.5797656296555955,70,Fan-in; Fan-out; ,High
A1641,50554.35,28,27,33442.21,28,28,56,83996.56,0.6615100382064056,70,Fan-in; Fan-out; ,High
A1642,40490.42,26,26,41779.97,29,29,55,82270.39,1.0318482742337571,70,Fan-in; Fan-out; ,High
A0393,38866.28,25,25,47572.29,27,27,52,86438.57,1.2239990552221618,70,Fan-in; Fan-out; ,High
A1618,67454.87,27,27,36038.68,31,31,58,103493.55,0.5342635750391336,70,Fan-in; Fan-out; ,High
A1620,60160.87,27,27,69991.11,31,30,58,130151.98,1.163399232757106,70,Fan-in; Fan-out; ,High
A1622,52050.95,27,27,24641.65,27,27,54,76692.6,0.4734140299072351,70,Fan-in; Fan-out; ,High
A1330,62441.06,26,26,49088.42,27,26,53,111529.48,0.7861560966453804,70,Fan-in; Fan-out; ,High
A1333,72218.8,27,27,52522.85,31,31,58,124741.65,0.7272739231335884,70,Fan-in; Fan-out; ,High
A1334,57622.22,27,27,50339.240000000005,29,28,56,107961.46,0.8736081324183623,70,Fan-in; Fan-out; ,High
A1339,88414.27,31,30,47230.8,25,25,56,135645.07,0.5341988346451314,70,Fan-in; Fan-out; ,High
A1309,48041.41,33,32,38256.79,30,30,63,86298.20000000001,0.7963294582736018,70,Fan-in; Fan-out; ,High
A1312,54372.93,31,31,53016.16,26,25,57,107389.09,0.9750469581094858,70,Fan-in; Fan-out; ,High
A1313,60729.55,31,31,51755.78,31,31,62,112485.33,0.8522338795528701,70,Fan-in; Fan-out; ,High
A1316,38622.3,28,28,32641.86,26,26,54,71264.16,0.8451557778796187,70,Fan-in; Fan-out; ,High
A1625,56555.23,30,30,43075.0,31,31,61,99630.23,0.7616448558338459,70,Fan-in; Fan-out; ,High
A1628,59828.39,30,30,46457.29,33,31,63,106285.68,0.7765091121455884,70,Fan-in; Fan-out; ,High
A1631,77105.46,28,28,40925.77,26,25,54,118031.23,0.5307765494168636,70,Fan-in; Fan-out; ,High
A0412,76113.48,34,34,49157.29,28,28,62,125270.77,0.6458421031333741,70,Fan-in; Fan-out; ,High
A0416,39518.81,27,27,53483.23,27,27,54,93002.04,1.3533613486843354,70,Fan-in; Fan-out; ,High
A1601,65439.21,31,31,22176.21,25,25,56,87615.42,0.338882605703828,70,Fan-in; Fan-out; ,High
A1604,60569.16,26,25,37887.0,25,25,51,98456.16,0.6255163518860094,70,Fan-in; Fan-out; ,High
A1605,38535.44,25,25,37769.37,32,32,57,76304.81,0.9801203775018528,70,Fan-in; Fan-out; ,High
A1607,50297.77,29,28,43850.06,28,28,57,94147.83,0.8718092273275733,70,Fan-in; Fan-out; ,High
A1357,57790.47,30,30,55852.32,26,26,56,113642.79,0.966462463447693,70,Fan-in; Fan-out; ,High
A1359,55887.25,30,29,53498.77,27,26,57,109386.02,0.9572625240998616,70,Fan-in; Fan-out; ,High
A1360,60916.62,28,28,38833.37,27,27,55,99749.99,0.6374839904118121,70,Fan-in; Fan-out; ,High
A0657,62484.78,28,28,52088.31,33,33,61,114573.09,0.8336159621591049,70,Fan-in; Fan-out; ,High
A0694,41531.96,27,27,63432.82,30,30,57,104964.78,1.527325462126035,70,Fan-in; Fan-out; ,High
A0703,38007.4,27,27,40165.44,32,32,59,78172.84,1.056779469261249,70,Fan-in; Fan-out; ,High
A1634,67589.49,27,26,54121.36,31,31,58,121710.85,0.8007363274970709,70,Fan-in; Fan-out; ,High
A0666,60755.3,28,28,52723.19,27,27,55,113478.49,0.8677957314012111,70,Fan-in; Fan-out; ,High
A1363,35618.2,28,28,54234.28,30,30,58,89852.48,1.5226563947644745,70,Fan-in; Fan-out; ,High
A1364,54310.5,29,29,36972.78,27,27,56,91283.28,0.680766702571326,70,Fan-in; Fan-out; ,High
A1614,56392.9,25,25,44728.71,27,27,52,101121.61,0.7931620824607353,70,Fan-in; Fan-out; ,High
A0387,62483.25,37,37,64768.06,36,36,73,127251.31,1.036566759891651,70,Fan-in; Fan-out; ,High
A1587,55847.71,26,26,87902.23000000001,31,29,57,143749.94,1.5739630147771504,70,Fan-in; Fan-out; ,High
A1591,31652.14,26,26,59387.34,28,28,54,91039.48,1.8762503893891531,70,Fan-in; Fan-out; ,High
A1592,50073.23,30,30,33494.02,26,26,56,83567.25,0.6689007279937802,70,Fan-in; Fan-out; ,High
A1594,93898.64,28,28,40937.97,29,29,57,134836.61,0.4359804359253765,70,Fan-in; Fan-out; ,High
A1597,49119.19,26,26,55954.12,37,37,63,105073.31,1.1391498923333223,70,Fan-in; Fan-out; ,High
A1366,58276.1,29,28,45809.3,31,31,60,104085.4,0.7860735361494678,70,Fan-in; Fan-out; ,High
A1370,53026.27,31,31,38633.33,26,26,57,91659.6,0.7285696316184411,70,Fan-in; Fan-out; ,High
A0674,41218.77,26,26,35855.68,25,25,51,77074.45,0.8698871897438959,70,Fan-in; Fan-out; ,High
A0680,41472.53,25,25,63011.67,28,28,53,104484.2,1.5193591999330642,70,Fan-in; Fan-out; ,High
A1351,37180.5,31,31,40646.37,27,26,58,77826.87,1.0932174123532497,70,Fan-in; Fan-out; ,High
A1355,41618.24,30,29,34149.19,25,25,55,75767.43,0.8205342176891671,70,Fan-in; Fan-out; ,High
A1406,51208.26,36,36,47431.52,31,31,67,98639.78,0.926247445236374,70,Fan-in; Fan-out; ,High
A1381,81853.31999999999,25,25,37437.54,25,25,50,119290.86,0.4573735066580073,70,Fan-in; Fan-out; ,High
A1383,56420.24,31,31,44182.07,29,29,60,100602.31,0.7830890120283076,70,Fan-in; Fan-out; ,High
A1385,48763.85,25,25,53344.98,27,27,52,102108.83,1.093945207361601,70,Fan-in; Fan-out; ,High
A0646,78547.4,38,37,54959.91,26,26,64,133507.31,0.6997037457637045,70,Fan-in; Fan-out; ,High
A0428,50622.05,30,30,52761.85,28,28,58,103383.9,1.0422701174685731,70,Fan-in; Fan-out; ,High
A0401,69874.07,30,30,32702.86,26,26,56,102576.93,0.4680256925065335,70,Fan-in; Fan-out; ,High
A0403,76281.27,30,30,37274.0,25,25,55,113555.27,0.4886389542282135,70,Fan-in; Fan-out; ,High
A1572,51136.28,32,32,59461.38,29,28,61,110597.66,1.162802221827634,70,Fan-in; Fan-out; ,High
A1577,48749.58,25,25,52209.86,26,26,51,100959.44,1.0709807140902547,70,Fan-in; Fan-out; ,High
A0653,69402.1,32,30,42875.13,26,26,58,112277.23,0.617778568660026,70,Fan-in; Fan-out; ,High
A0655,63762.7,29,29,46017.68,25,25,54,109780.38,0.7217021863879666,70,Fan-in; Fan-out; ,High
A0627,60814.55,33,33,39448.26,27,27,60,100262.81,0.6486648343200764,70,Fan-in; Fan-out; ,High
A0628,54664.06,31,31,42930.96,33,33,64,97595.02,0.7853598872824302,70,Fan-in; Fan-out; ,High
A0658,43635.39,25,25,50297.03,29,29,54,93932.42,1.1526659896932283,70,Fan-in; Fan-out; ,High
A0661,57541.12,30,28,99212.17,32,32,62,156753.29,1.7241960184299503,70,Fan-in; Fan-out; ,High
A1413,47467.99,28,28,43644.31,27,27,55,91112.3,0.9194471895692232,70,Fan-in; Fan-out; ,High
A1416,40686.29,29,28,50522.81,31,31,60,91209.1,1.2417649778340565,70,Fan-in; Fan-out; ,High
A1418,58181.99,35,35,56117.08,29,29,64,114299.07,0.9645094641829888,70,Fan-in; Fan-out; ,High
A1420,39093.28,28,28,48319.39,25,25,53,87412.67,1.2360024536186272,70,Fan-in; Fan-out; ,High
A1423,56533.97,25,25,43980.75,28,27,53,100514.72,0.7779526185760526,70,Fan-in; Fan-out; ,High
A0630,85883.22,33,33,45072.89,26,26,59,130956.11,0.5248160234327497,70,Fan-in; Fan-out; ,High
A0633,32976.020000000004,27,27,48283.43,25,25,52,81259.45000000001,1.4641982264688096,70,Fan-in; Fan-out; ,High
A0639,44476.6,28,28,82909.41,35,35,63,127386.01,1.8641130392161276,70,Fan-in; Fan-out; ,High
A1393,40011.46,25,25,34909.24,26,26,51,74920.7,0.8724810341837064,70,Fan-in; Fan-out; ,High
A1395,53974.69,26,26,46161.44,28,27,54,100136.13,0.8552423367322722,70,Fan-in; Fan-out; ,High
A1400,33256.08,27,27,38956.85,30,30,57,72212.93,1.171420383881684,70,Fan-in; Fan-out; ,High
A1580,40173.98,32,32,27096.62,26,25,58,67270.6,0.6744818412315632,70,Fan-in; Fan-out; ,High
A1583,61000.51,30,30,41420.87,25,25,55,102421.38,0.6790249786436212,70,Fan-in; Fan-out; ,High
A0450,49454.73,36,36,56696.74,34,33,70,106151.47,1.146437155758408,70,Fan-in; Fan-out; ,High
A1401,40801.97,29,29,60634.91,26,26,55,101436.88,1.4860780006455572,70,Fan-in; Fan-out; ,High
A1402,55022.31,25,25,52790.380000000005,29,29,54,107812.69,0.9594359088158968,70,Fan-in; Fan-out; ,High
A0475,41581.82,29,29,41893.9,28,28,57,83475.72,1.0075052029949627,70,Fan-in; Fan-out; ,High
A0476,50689.06,28,28,51047.57,29,29,57,101736.63,1.0070727293029305,70,Fan-in; Fan-out; ,High
A0606,77250.61,30,30,75510.6,31,31,61,152761.21000000002,0.9774757765666836,70,Fan-in; Fan-out; ,High
A0608,55374.35,30,30,36379.89,26,26,56,91754.24,0.6569808945838642,70,Fan-in; Fan-out; ,High
A0579,34869.67,28,28,64102.15,30,30,58,98971.82,1.838335435924688,70,Fan-in; Fan-out; ,High
A0580,36289.94,25,25,50508.77,31,30,56,86798.70999999999,1.3918118905680197,70,Fan-in; Fan-out; ,High
A1407,53898.0,25,25,39853.18,25,25,50,93751.18,0.7394185312998627,70,Fan-in; Fan-out; ,High
A0612,51234.46,33,33,76864.97,30,30,63,128099.43,1.5002592005458826,70,Fan-in; Fan-out; ,High
A0614,41336.51,25,25,64277.24,26,26,51,105613.75,1.5549750087755352,70,Fan-in; Fan-out; ,High
A0615,58488.29,28,28,36050.81,30,29,58,94539.1,0.616376543065287,70,Fan-in; Fan-out; ,High
A0618,60881.44,34,34,56545.35,36,36,70,117426.79,0.9287781300836512,70,Fan-in; Fan-out; ,High
A0619,52071.46,25,25,80522.43,26,25,51,132593.88999999998,1.546383181881207,70,Fan-in; Fan-out; ,High
A0620,38051.53,26,26,43276.83,31,31,57,81328.36,1.137321679312238,70,Fan-in; Fan-out; ,High
A0621,49496.68,27,27,60716.9,33,33,60,110213.58,1.2266863151225496,70,Fan-in; Fan-out; ,High
A0623,61213.0,26,26,79286.98,34,34,60,140499.97999999998,1.2952637511639684,70,Fan-in; Fan-out; ,High
A0624,63756.0,32,32,83486.98,33,32,65,147242.97999999998,1.3094764414329632,70,Fan-in; Fan-out; ,High
A0601,54551.66,35,35,55563.78,30,30,65,110115.44,1.018553422572292,70,Fan-in; Fan-out; ,High
A0602,42252.36,27,26,37015.69,25,25,52,79268.05,0.8760620708523738,70,Fan-in; Fan-out; ,High
A0605,55901.91,26,26,51356.87,25,25,51,107258.78,0.918696159040004,70,Fan-in; Fan-out; ,High
A1554,53226.08,32,32,45700.39,28,28,60,98926.47,0.8586089751490247,70,Fan-in; Fan-out; ,High
A1556,31047.42,27,27,47058.91,28,28,55,78106.33,1.515710806244126,70,Fan-in; Fan-out; ,High
A1527,50800.0,27,27,73943.97,38,36,65,124743.97,1.4555899606299212,70,Fan-in; Fan-out; ,High
A1528,60840.6,26,25,69142.67,27,26,53,129983.27,1.1364560836020683,70,Fan-in; Fan-out; ,High
A1533,42525.57,28,28,54266.14,30,30,58,96791.71,1.2760826015971096,70,Fan-in; Fan-out; ,High
A0489,37721.85,27,27,53808.69,27,27,54,91530.54,1.4264594658003251,70,Fan-in; Fan-out; ,High
A0462,43723.44,29,27,48182.09,26,26,55,91905.53,1.10197390690211,70,Fan-in; Fan-out; ,High
A0434,51257.91,25,25,63677.31,31,31,56,114935.22,1.2422923603400915,70,Fan-in; Fan-out; ,High
A0441,42962.99,31,30,36825.74,25,25,56,79788.73,0.8571503054140319,70,Fan-in; Fan-out; ,High
A1548,37922.39,29,29,42665.6,32,32,61,80587.98999999999,1.1250767686319347,70,Fan-in; Fan-out; ,High
A0465,40966.02,29,29,47072.41,25,25,54,88038.43000000001,1.1490598793829618,70,Fan-in; Fan-out; ,High
A0466,47298.87,28,28,46428.46,30,29,58,93727.33,0.9815976576184589,70,Fan-in; Fan-out; ,High
A0471,63050.94,28,28,52237.59,30,30,58,115288.53,0.8284981952687778,70,Fan-in; Fan-out; ,High
A1441,36051.31,29,28,45210.53,26,26,55,81261.84,1.2540606707495512,70,Fan-in; Fan-out; ,High
A1443,40785.27,25,25,51666.84,30,30,55,92452.11,1.2668014702366808,70,Fan-in; Fan-out; ,High
A1541,52903.14,36,36,77863.11,25,25,61,130766.25,1.4718050762204284,70,Fan-in; Fan-out; ,High
A1543,52965.56,41,40,58338.17,32,31,73,111303.73,1.1014359142053818,70,Fan-in; Fan-out; ,High
A1511,76253.99,29,29,49625.5,28,27,57,125879.49,0.6507921749406161,70,Fan-in; Fan-out; ,High
A1514,51532.5,26,26,37936.49,27,27,53,89468.98999999999,0.7361663028186096,70,Fan-in; Fan-out; ,High
A1516,69092.47,25,25,71064.96,26,26,51,140157.43,1.0285485523965203,70,Fan-in; Fan-out; ,High
A1518,67923.62,28,28,67603.26,32,32,60,135526.88,0.995283525819148,70,Fan-in; Fan-out; ,High
A1520,69045.44,30,30,55267.57,27,27,57,124313.01,0.8004521370274416,70,Fan-in; Fan-out; ,High
A1446,36607.55,26,25,30484.03,26,25,52,67091.58,0.832725216519543,70,Fan-in; Fan-out; ,High
A1452,47982.07,30,30,76179.42,33,33,63,124161.49,1.587664308772006,70,Fan-in; Fan-out; ,High
A1433,46426.67,30,30,55354.86,25,25,55,101781.53,1.1923073526488115,70,Fan-in; Fan-out; ,High
A1439,59033.65,30,30,44610.69,31,31,61,103644.34,0.7556823947020047,70,Fan-in; Fan-out; ,High
A1440,45939.1,30,30,40401.66,27,27,57,86340.76000000001,0.8794612867905555,70,Fan-in; Fan-out; ,High
A0593,43089.59,27,26,50742.08,26,26,53,93831.67,1.1775948668808405,70,Fan-in; Fan-out; ,High
A0599,42997.55,25,25,46024.25,26,26,51,89021.8,1.0703923828218118,70,Fan-in; Fan-out; ,High
A0575,84103.77,31,31,66321.1,30,29,61,150424.87,0.788562748138401,70,Fan-in; Fan-out; ,High
A0576,60202.81,28,28,36836.74,27,27,55,97039.55,0.6118774190108401,70,Fan-in; Fan-out; ,High
A1460,28509.98,28,28,43533.42,29,29,57,72043.4,1.5269537193642366,70,Fan-in; Fan-out; ,High
A1461,45929.82,25,25,51782.34,27,27,52,97712.16,1.1274230989801397,70,Fan-in; Fan-out; ,High
A1498,59357.15,26,26,68169.03,34,34,60,127526.18,1.1484552408597783,70,Fan-in; Fan-out; ,High
A1500,30732.49,27,27,38688.74,28,28,55,69421.23,1.2588872557999693,70,Fan-in; Fan-out; ,High
A1504,51399.740000000005,29,28,55536.71,33,33,62,106936.45,1.080486204794032,70,Fan-in; Fan-out; ,High
A0518,41561.62,26,26,46046.22,31,31,57,87607.84,1.1079024349868942,70,Fan-in; Fan-out; ,High
A0522,39810.27,37,36,64553.85,27,27,64,104364.12,1.621537608260381,70,Fan-in; Fan-out; ,High
A0524,40521.14,25,25,52608.99,25,25,50,93130.13,1.2983097217896633,70,Fan-in; Fan-out; ,High
A1462,64019.36,34,33,45307.21,29,29,63,109326.57,0.7077110736502208,70,Fan-in; Fan-out; ,High
A1463,67703.6,26,26,47936.96,30,30,56,115640.56,0.7080415221642571,70,Fan-in; Fan-out; ,High
A1464,81824.34999999999,25,25,35936.43,32,32,57,117760.78,0.4391899232930051,70,Fan-in; Fan-out; ,High
A0584,51953.54,27,27,62136.17,25,25,52,114089.71,1.1959949216165058,70,Fan-in; Fan-out; ,High
A0588,73631.27,37,37,55288.36,31,30,68,128919.63,0.7508815208538437,70,Fan-in; Fan-out; ,High
A0592,60912.25,25,25,45132.76,32,31,57,106045.01,0.7409471822170418,70,Fan-in; Fan-out; ,High
A1974,37703.37,29,29,57903.18,32,32,61,95606.55,1.5357560875858045,70,Fan-in; Fan-out; ,High
A1952,55294.3,35,35,81098.17,28,28,63,136392.47,1.466664195043612,70,Fan-in; Fan-out; ,High
A0052,53813.13,34,32,28108.65,26,26,60,81921.78,0.5223381356929062,70,Fan-in; Fan-out; ,High
A0053,48847.46,26,26,41498.81,25,25,51,90346.27,0.8495592196605514,70,Fan-in; Fan-out; ,High
A0057,37532.09,26,26,38914.99,25,25,51,76447.07999999999,1.0368458031513832,70,Fan-in; Fan-out; ,High
A1063,45304.88,30,29,40459.8,32,32,62,85764.68,0.8930561122775296,70,Fan-in; Fan-out; ,High
A1067,43303.75,26,26,52994.14,29,29,55,96297.89,1.2237771555581214,70,Fan-in; Fan-out; ,High
A0028,53511.22,34,33,79946.67,27,27,61,133457.89,1.494016955696394,70,Fan-in; Fan-out; ,High
A0021,34778.28,27,27,81873.78,32,32,59,116652.06,2.354164150728558,70,Fan-in; Fan-out; ,High
A0004,73236.22,30,29,54179.76,24,24,54,127415.98,0.7397945989020186,70,Fan-in; Circular flow; ,High
A0005,83628.05,26,26,52312.44,20,20,46,135940.49,0.6255370058251986,70,Fan-in; Circular flow; ,High
A0006,94497.97,35,35,37535.83,18,18,53,132033.8,0.3972130829900367,70,Fan-in; Circular flow; ,High
A1970,50584.14,28,28,43043.39,28,28,56,93627.53,0.8509265947785215,70,Fan-in; Fan-out; ,High
A0010,41603.58,31,31,43870.16,25,25,56,85473.74,1.054480407695684,70,Fan-in; Fan-out; ,High
A0016,43021.05,29,29,62044.51,32,32,61,105065.56,1.442189579287349,70,Fan-in; Fan-out; ,High
A1949,56143.53,34,34,48551.29,32,32,66,104694.82,0.864770882771354,70,Fan-in; Fan-out; ,High
A0570,68530.19,27,27,53679.82,33,32,60,122210.01,0.7833017827617288,70,Fan-in; Fan-out; ,High
A1469,41945.84,25,25,52296.46,26,26,51,94242.3,1.2467615382121324,70,Fan-in; Fan-out; ,High
A0554,40636.86,25,25,79457.95,29,29,54,120094.81,1.9553171677142376,70,Fan-in; Fan-out; ,High
A0556,57727.26,37,36,31688.43,25,25,62,89415.69,0.5489335540955868,70,Fan-in; Fan-out; ,High
A0557,54446.87,30,30,44345.63,30,30,60,98792.5,0.8144752857234951,70,Fan-in; Fan-out; ,High
A0525,108417.44,32,32,69178.38,33,33,65,177595.82,0.6380742803002912,70,Fan-in; Fan-out; ,High
A0528,41434.39,25,25,57167.09,38,38,63,98601.48,1.3797014991653067,70,Fan-in; Fan-out; ,High
A0530,50404.100000000006,33,33,58529.5,28,28,61,108933.6,1.1612051400580508,70,Fan-in; Fan-out; ,High
A0531,78044.52,27,27,57572.48,32,32,59,135617.0,0.7376876685256055,70,Fan-in; Fan-out; ,High
A0541,39215.2,32,32,33867.12,25,25,57,73082.32,0.8636222689161347,70,Fan-in; Fan-out; ,High
A0542,34060.81,25,25,40893.83,31,31,56,74954.64,1.2006123753369342,70,Fan-in; Fan-out; ,High
A1476,61788.240000000005,29,29,40203.93,26,25,55,101992.17,0.6506728464834084,70,Fan-in; Fan-out; ,High
A1480,47935.19,31,31,76546.88,36,35,67,124482.07,1.5968827911185917,70,Fan-in; Fan-out; ,High
A0566,70284.11,29,29,59566.84,29,28,58,129850.95,0.847515035759861,70,Fan-in; Fan-out; ,High
A0568,40918.19,35,35,67151.24,26,26,61,108069.43,1.6411097362811014,70,Fan-in; Fan-out; ,High
A1492,32568.2,25,25,51941.57,27,26,52,84509.77,1.5948554111065394,70,Fan-in; Fan-out; ,High
A0002,37527.28,20,19,210226.53,45,44,65,247753.81,5.6019655567896205,55,Fan-out; High money movement; ,Medium
A1470,42898.97,24,24,43933.23,26,26,50,86832.2,1.0241092035543042,40,Fan-out; ,Medium
A1945,70998.64,23,22,46334.34,27,27,50,117332.98,0.652608838704516,40,Fan-out; ,Medium
A1055,53159.64,21,21,56133.87,27,27,48,109293.51,1.0559490244854932,40,Fan-out; ,Medium
A1040,30224.8,18,17,42384.19,30,30,48,72608.99,1.4022984436621584,40,Fan-out; ,Medium
A1983,50118.81,21,21,80241.75,30,30,51,130360.56,1.6010306310145832,40,Fan-out; ,Medium
A0032,18142.43,15,15,36309.19,29,29,44,54451.62,2.0013410551949216,40,Fan-out; ,Medium
A1037,31420.050000000003,15,15,58759.69,38,37,53,90179.74,1.8701335612133017,40,Fan-out; ,Medium
A0026,40076.51,21,21,45666.7,26,25,47,85743.20999999999,1.1394879444342834,40,Fan-out; ,Medium
A1972,29378.89,16,16,45193.83,25,25,41,74572.72,1.5383096502284463,40,Fan-out; ,Medium
A0023,30822.47,20,20,28265.27,27,27,47,59087.740000000005,0.9170345530387408,40,Fan-out; ,Medium
A1971,31743.18,20,20,56382.99,31,29,51,88126.17,1.7762237431788497,40,Fan-out; ,Medium
A0012,41662.6,24,24,48507.57,29,27,53,90170.17,1.1642953152227655,40,Fan-out; ,Medium
A0011,56654.8,25,24,42718.05,28,28,53,99372.85,0.7540058388697869,40,Fan-out; ,Medium
A1068,38927.34,23,22,33626.06,31,30,54,72553.4,0.8638160223637166,40,Fan-out; ,Medium
A1066,51600.55,20,20,55310.72,35,35,55,106911.27,1.071901752985191,40,Fan-out; ,Medium
A1064,29683.44,17,17,34688.53,25,25,42,64371.97,1.168615564772816,40,Fan-out; ,Medium
A0056,42178.56,19,19,54358.48,27,27,46,96537.04,1.2887704084729306,40,Fan-out; ,Medium
A0055,36384.07,23,23,42336.37,29,29,52,78720.44,1.163596321137245,40,Fan-out; ,Medium
A0049,40278.59,17,17,40199.0,29,29,46,80477.59,0.998024012260608,40,Fan-out; ,Medium
A1947,40686.06,22,22,47622.59,40,40,62,88308.65,1.170489106096781,40,Fan-out; ,Medium
A0029,46988.89,21,21,37361.92,30,30,51,84350.81,0.7951224214915483,40,Fan-out; ,Medium
A0559,50313.19,16,16,75165.11,26,26,42,125478.3,1.493944430873892,40,Fan-out; ,Medium
A0540,34231.89,19,19,58807.97,32,32,51,93039.86,1.717929392738759,40,Fan-out; ,Medium
A0536,34947.63,21,21,62239.44,26,25,47,97187.07,1.7809345011378457,40,Fan-out; ,Medium
A0533,37610.27,22,22,50475.82,26,26,48,88086.09,1.3420754490728195,40,Fan-out; ,Medium
A0529,39299.04,19,19,54770.47,27,27,46,94069.51,1.3936846803382474,40,Fan-out; ,Medium
A1487,36679.15,23,23,99597.4,43,43,66,136276.55,2.7153682678033704,40,Fan-out; ,Medium
A1486,50642.8,22,22,46875.05,30,29,52,97517.85,0.9256014675333908,40,Fan-out; ,Medium
A1483,30893.56,22,22,57718.77,29,29,51,88612.33,1.8683107417856668,40,Fan-out; ,Medium
A1509,27101.27,19,19,61747.99,28,28,47,88849.26,2.2784168417199635,40,Fan-out; ,Medium
A1507,18122.74,16,16,79680.31999999999,26,25,42,97803.06,4.396703809688822,40,Fan-out; ,Medium
A1506,28759.5,21,21,46220.74,28,27,49,74980.23999999999,1.6071468558215545,40,Fan-out; ,Medium
A0553,34147.25,20,20,54801.85,30,30,50,88949.1,1.6048686204599198,40,Fan-out; ,Medium
A0551,14412.58,16,16,52142.23,25,25,41,66554.81,3.6178276200374953,40,Fan-out; ,Medium
A0549,30796.21,23,23,48361.92,28,28,51,79158.13,1.5703854467806266,40,Fan-out; ,Medium
A0547,53246.42,24,24,47702.01,30,29,54,100948.43,0.8958726239247634,40,Fan-out; ,Medium
A0546,52321.9,22,22,37124.07,28,28,50,89445.97,0.7095321461949967,40,Fan-out; ,Medium
A0523,40810.12,23,23,41903.65,28,27,51,82713.77,1.0267955595327825,40,Fan-out; ,Medium
A0521,22375.62,20,19,44032.54,31,31,51,66408.16,1.967880219631903,40,Fan-out; ,Medium
A0516,50972.84,22,22,59873.38,34,34,56,110846.22,1.1746133823424396,40,Fan-out; ,Medium
A0515,39192.98,24,24,41917.96,30,30,54,81110.94,1.0695272469712689,40,Fan-out; ,Medium
A1501,37480.73,26,24,67592.21,28,28,54,105072.94,1.803385633097328,40,Fan-out; ,Medium
A1526,49297.06,23,21,44026.0,32,32,55,93323.06,0.8930755708352588,40,Fan-out; ,Medium
A1524,57442.37,23,23,49172.68,31,31,54,106615.05,0.8560350138756461,40,Fan-out; ,Medium
A1523,24739.04,18,18,40758.19,27,27,45,65497.23,1.6475251262781418,40,Fan-out; ,Medium
A0512,17265.06,18,18,35241.95,26,26,44,52507.01,2.0412295120897346,40,Fan-out; ,Medium
A0511,21907.7,19,19,54786.61,34,31,53,76694.31,2.5007924154521013,40,Fan-out; ,Medium
A1459,28643.77,23,23,70151.23,31,31,54,98795.0,2.449092071329996,40,Fan-out; ,Medium
A0573,31229.71,19,19,41720.28,30,30,49,72949.98999999999,1.335916343763679,40,Fan-out; ,Medium
A0565,52019.85,19,19,52950.88,27,27,46,104970.73,1.0178975910157373,40,Fan-out; ,Medium
A0562,55588.11,19,19,28574.95,25,25,44,84163.06,0.5140478782243181,40,Fan-out; ,Medium
A1474,28002.75,17,17,54705.14,27,27,44,82707.89,1.9535631321923737,40,Fan-out; ,Medium
A0560,45149.4,21,21,62299.47,36,35,57,107448.87,1.3798515594891627,40,Fan-out; ,Medium
A0508,23359.8,20,20,36463.52,32,32,52,59823.31999999999,1.5609517204770589,40,Fan-out; ,Medium
A0504,31864.88,24,24,28985.53,25,25,49,60850.41,0.9096387621732764,40,Fan-out; ,Medium
A0503,62606.18,24,24,45340.34,27,27,51,107946.52,0.7242150854755872,40,Fan-out; ,Medium
A0498,49022.93,23,23,65029.51,29,29,52,114052.44,1.3265121036217131,40,Fan-out; ,Medium
A0497,26535.0,20,20,65131.1,31,31,51,91666.1,2.454535519125683,40,Fan-out; ,Medium
A1546,44715.79,20,20,66756.58,27,27,47,111472.37,1.4929084334638838,40,Fan-out; ,Medium
A1544,37265.54,20,20,54129.53,28,28,48,91395.07,1.4525357743373637,40,Fan-out; ,Medium
A1540,18260.48,16,16,45759.79,27,27,43,64020.27,2.5059467221015,40,Fan-out; ,Medium
A1444,36955.32,22,21,46119.98,34,34,56,83075.3,1.247992981795314,40,Fan-out; ,Medium
A0590,40698.9,24,24,49822.060000000005,28,28,52,90520.96,1.224162323797449,40,Fan-out; ,Medium
A0589,36997.63,16,16,43229.13,27,27,43,80226.76,1.168429707524509,40,Fan-out; ,Medium
A0586,25759.23,17,17,84249.45999999999,27,27,44,110008.69,3.270651335463055,40,Fan-out; ,Medium
A0585,31856.17,20,20,55645.4,25,25,45,87501.57,1.746769934992185,40,Fan-out; ,Medium
A0583,20179.8,13,13,49022.48,26,26,39,69202.28,2.429284730274829,40,Fan-out; ,Medium
A1467,57949.280000000006,21,20,64864.91,31,31,52,122814.19,1.119339360212931,40,Fan-out; ,Medium
A1465,39121.84,23,23,77989.64,30,30,53,117111.48,1.993506440392374,40,Fan-out; ,Medium
A0495,33194.16,20,20,53260.11,25,25,45,86454.27,1.6045024184977117,40,Fan-out; ,Medium
A0493,56160.68,16,16,35594.7,25,25,41,91755.38,0.6338010864540813,40,Fan-out; ,Medium
A0491,25132.62,21,21,38715.73,30,29,51,63848.350000000006,1.5404573816816554,40,Fan-out; ,Medium
A0483,32145.17,15,15,45692.66,29,28,44,77837.83,1.4214471412034844,40,Fan-out; ,Medium
A0481,43926.4,19,19,30057.54,26,26,45,73983.94,0.684270507029941,40,Fan-out; ,Medium
A1530,56098.28,22,22,57851.05,31,31,53,113949.33,1.0312446299601343,40,Fan-out; ,Medium
A1557,36316.68,23,23,105368.36,31,30,54,141685.04,2.901376447406536,40,Fan-out; ,Medium
A1553,36414.69,23,23,67366.18000000001,26,25,49,103780.87,1.849972634670239,40,Fan-out; ,Medium
A0477,45251.31,20,20,38481.7,25,25,45,83733.01,0.8503996900863201,40,Fan-out; ,Medium
A0598,40297.18,23,23,34573.85,25,25,48,74871.03,0.8579719474166678,40,Fan-out; ,Medium
A1431,22819.63,23,23,54475.68,26,26,49,77295.31,2.387228890214258,40,Fan-out; ,Medium
A1425,46832.77,21,21,43429.1,25,25,46,90261.87,0.9273228980476704,40,Fan-out; ,Medium
A0561,39766.47,24,24,69122.53,38,37,62,108889.0,1.73821136248704,40,Fan-out; ,Medium
A1453,38847.44,21,21,50087.880000000005,27,26,48,88935.32,1.289348281379674,40,Fan-out; ,Medium
A1448,17190.86,16,16,65087.9,36,36,52,82278.76000000001,3.786192197481685,40,Fan-out; ,Medium
A0509,35715.53,17,17,45237.96,38,37,55,80953.48999999999,1.2666187510027151,40,Fan-out; ,Medium
A1582,57610.55,23,23,51149.41,30,29,53,108759.96,0.8878479722897977,40,Fan-out; ,Medium
A0640,39146.3,23,23,51744.57,29,28,52,90890.87,1.3218253066062438,40,Fan-out; ,Medium
A0638,37743.63,22,22,45859.24,26,26,48,83602.87,1.2150193290894384,40,Fan-out; ,Medium
A0637,25409.48,24,24,36170.0,29,29,53,61579.48,1.4234844632790598,40,Fan-out; ,Medium
A0634,31101.910000000003,19,19,67131.53,31,31,50,98233.44,2.15843753647284,40,Fan-out; ,Medium
A0632,20206.84,21,21,34327.17,30,29,51,54534.01,1.6987896177729915,40,Fan-out; ,Medium
A1421,49264.88,21,21,63004.17,30,30,51,112269.05,1.278886094921981,40,Fan-out; ,Medium
A0578,36954.98,22,22,49020.4,25,25,47,85975.38,1.3264896909699315,40,Fan-out; ,Medium
A0474,49513.58,16,16,47844.24,25,25,41,97357.82,0.966285209027503,40,Fan-out; ,Medium
A0473,43870.4,24,24,47400.64,26,25,50,91271.04,1.080469747255553,40,Fan-out; ,Medium
A1551,49293.99,24,24,39147.52,30,30,54,88441.51,0.7941641567257997,40,Fan-out; ,Medium
A1550,35229.04,22,22,62659.34,31,31,53,97888.38,1.7786275186607412,40,Fan-out; ,Medium
A1549,20461.46,19,19,65084.82,31,31,50,85546.28,3.1808492649107154,40,Fan-out; ,Medium
A0464,21553.46,22,22,61193.88,34,34,56,82747.34,2.839167354104631,40,Fan-out; ,Medium
A0461,34196.08,19,19,57369.31,25,25,44,91565.39,1.6776574975845182,40,Fan-out; ,Medium
A1537,44233.1,24,23,38724.05,27,27,51,82957.15,0.8754541282433291,40,Fan-out; ,Medium
A1379,27810.54,24,24,53517.27,28,28,52,81327.81,1.9243520622037544,40,Fan-out; ,Medium
A1376,46233.21,24,24,61615.08,27,27,51,107848.29,1.3327017527011429,40,Fan-out; ,Medium
A1405,29320.65,20,20,60280.25,29,29,49,89600.9,2.055897464756068,40,Fan-out; ,Medium
A1404,47050.93,24,24,63613.08,34,33,58,110664.01,1.352004731893716,40,Fan-out; ,Medium
A0460,33708.08,22,22,57589.19,27,27,49,91297.27,1.708468414694637,40,Fan-out; ,Medium
A0457,35736.82,24,24,72055.63,29,28,53,107792.45,2.016285444535916,40,Fan-out; ,Medium
A0456,45081.82,18,18,39561.46,26,26,44,84643.28,0.8775479783203074,40,Fan-out; ,Medium
A0455,32160.85,18,17,47990.39,31,31,49,80151.23999999999,1.492199055684163,40,Fan-out; ,Medium
A0454,28383.97,14,14,73033.39,26,25,40,101417.36,2.5730505633989886,40,Fan-out; ,Medium
A0453,41160.4,24,24,39953.81,30,30,54,81114.20999999999,0.9706856590314962,40,Fan-out; ,Medium
A1565,40274.91,24,24,34953.21,26,25,50,75228.12,0.8678656265153666,40,Fan-out; ,Medium
A1564,53903.84,24,24,58303.87,29,29,53,112207.71,1.0816273942635626,40,Fan-out; ,Medium
A1562,21923.35,18,18,74719.36,31,31,49,96642.71,3.408209055641588,40,Fan-out; ,Medium
A1561,45447.91,23,23,73638.72,37,37,60,119086.63,1.6202883696962085,40,Fan-out; ,Medium
A1585,51078.98,22,21,34876.43,26,26,48,85955.41,0.6827941748249475,40,Fan-out; ,Medium
A1584,25358.32,16,16,30279.09,26,26,42,55637.41,1.1940495269402704,40,Fan-out; ,Medium
A1578,23181.52,20,20,44517.86,25,25,45,67699.38,1.920402976163772,40,Fan-out; ,Medium
A1574,45145.52,23,23,101391.79,40,38,63,146537.31,2.245888185582977,40,Fan-out; ,Medium
A1573,44808.15,21,20,50934.44,29,29,50,95742.59,1.1367226721031776,40,Fan-out; ,Medium
A1571,37333.61,19,19,68758.06,30,30,49,106091.67,1.8417201015385327,40,Fan-out; ,Medium
A0447,28034.43,19,19,78791.76,36,36,55,106826.19,2.810535473701445,40,Fan-out; ,Medium
A0446,27291.39,19,19,41594.46,27,27,46,68885.85,1.524087267083135,40,Fan-out; ,Medium
A0445,45577.68,23,23,58960.78,28,28,51,104538.46,1.2936327605968536,40,Fan-out; ,Medium
A0444,16607.06,17,17,33851.18,29,29,46,50458.240000000005,2.038360793542024,40,Fan-out; ,Medium
A0443,36833.65,21,21,97067.29,26,25,47,133900.94,2.635288384398505,40,Fan-out; ,Medium
A0426,31757.59,22,22,48547.84,30,30,52,80305.43,1.5287003831210113,40,Fan-out; ,Medium
A0421,37074.49,24,24,52632.54,33,33,57,89707.03,1.4196429944147582,40,Fan-out; ,Medium
A0649,41971.85,22,22,36736.3,31,31,53,78708.15,0.8752604424155714,40,Fan-out; ,Medium
A1392,50755.85,23,23,53275.36,28,28,51,104031.21,1.049639795215724,40,Fan-out; ,Medium
A1391,61238.12,23,23,49358.82,27,27,50,110596.94,0.8060146196519422,40,Fan-out; ,Medium
A1388,34698.26,24,24,50655.43,31,31,55,85353.69,1.459883867375482,40,Fan-out; ,Medium
A1382,37900.71,23,23,38221.23,25,25,48,76121.94,1.008456833658261,40,Fan-out; ,Medium
A0420,34454.76,20,20,48824.34,35,35,55,83279.1,1.417056453157706,40,Fan-out; ,Medium
A1599,30218.21,24,24,56992.08,28,28,52,87210.29000000001,1.8860177356633636,40,Fan-out; ,Medium
A1598,48983.45,19,19,42139.64,30,30,49,91123.09,0.8602832181073404,40,Fan-out; ,Medium
A1595,44234.66,23,23,46514.38,36,36,59,90749.04,1.051536962192091,40,Fan-out; ,Medium
A1590,41368.28,19,19,46407.4,31,30,50,87775.68,1.1218112041399837,40,Fan-out; ,Medium
A1586,51185.96,23,23,29733.3,27,27,50,80919.26,0.5808878059530387,40,Fan-out; ,Medium
A1615,44788.42,24,24,42595.58,25,25,49,87384.0,0.9510400232917348,40,Fan-out; ,Medium
A1613,56110.43,20,20,53166.32,27,26,47,109276.75,0.94753007595914,40,Fan-out; ,Medium
A1611,35913.22,21,21,55166.53,26,26,47,91079.75,1.536106481123107,40,Fan-out; ,Medium
A1361,38991.93,21,21,50948.22,36,36,57,89940.15,1.3066349883168134,40,Fan-out; ,Medium
A0672,36406.37,19,19,43621.09,26,26,45,80027.45999999999,1.198171913321762,40,Fan-out; ,Medium
A0668,43158.76,17,17,27868.84,25,25,42,71027.6,0.6457284685658253,40,Fan-out; ,Medium
A0664,32546.64,20,19,54207.71,32,32,52,86754.35,1.665539361359575,40,Fan-out; ,Medium
A0663,15069.74,11,11,38685.58,26,26,37,53755.32,2.5671033475030094,40,Fan-out; ,Medium
A0662,23523.27,20,20,68368.7,33,33,53,91891.97,2.9064284004732333,40,Fan-out; ,Medium
A0651,30793.33,19,19,66667.91,26,26,45,97461.24,2.1650113839587988,40,Fan-out; ,Medium
A1608,22750.88,18,18,72866.14,32,32,50,95617.02,3.202783364863249,40,Fan-out; ,Medium
A1606,45790.41,23,23,79605.04000000001,35,35,58,125395.45,1.738465324944677,40,Fan-out; ,Medium
A1603,82245.14,24,24,52738.55,31,31,55,134983.69,0.6412360657420001,40,Fan-out; ,Medium
A0404,88719.2,22,22,48130.58,26,26,48,136849.78,0.5425046664081732,40,Fan-out; ,Medium
A1630,48958.68,23,23,75372.63,37,36,60,124331.31,1.5395151584969204,40,Fan-out; ,Medium
A1626,42625.9,20,20,35735.17,29,29,49,78361.07,0.8383440584245728,40,Fan-out; ,Medium
A1353,46357.99,21,21,37668.45,26,26,47,84026.44,0.8125557212467581,40,Fan-out; ,Medium
A1352,28540.36,23,23,50353.82,26,26,49,78894.18,1.764302202214688,40,Fan-out; ,Medium
A0685,70247.94,25,24,47157.32,39,38,64,117405.26,0.6712982615575631,40,Fan-out; ,Medium
A0684,35183.24,20,20,44636.18,26,26,46,79819.42,1.2686773588788298,40,Fan-out; ,Medium
A0673,38936.61,20,20,51748.29,27,27,47,90684.9,1.32903943101364,40,Fan-out; ,Medium
A1342,33782.64,21,21,55157.67,34,34,55,88940.31,1.6327223094465086,40,Fan-out; ,Medium
A1340,39967.89,21,21,30582.9,28,28,49,70550.79000000001,0.7651867536665058,40,Fan-out; ,Medium
A1369,52420.81,23,22,29688.17,27,27,50,82108.98,0.5663432136970031,40,Fan-out; ,Medium
A1367,35750.06,25,24,48276.82,34,34,59,84026.88,1.35039829303783,40,Fan-out; ,Medium
A1365,24366.41,18,18,58655.95,26,26,44,83022.36,2.4072462869991926,40,Fan-out; ,Medium
A0397,34310.05,22,21,74601.51,31,31,53,108911.56,2.174334050810185,40,Fan-out; ,Medium
A0396,33270.6,22,22,60482.69,32,32,54,93753.29,1.8179019915480936,40,Fan-out; ,Medium
A0395,27933.98,24,24,57651.79,30,30,54,85585.77,2.063858784176118,40,Fan-out; ,Medium
A0392,25350.48,18,18,44191.94,31,31,49,69542.42,1.7432387868000925,40,Fan-out; ,Medium
A0391,22015.73,16,16,50113.16,26,25,42,72128.89,2.2762433950634384,40,Fan-out; ,Medium
A0704,39305.23,19,19,59143.03,27,27,46,98448.26,1.504711459518237,40,Fan-out; ,Medium
A0702,35648.71,21,21,51517.83,30,30,51,87166.54000000001,1.4451527138008642,40,Fan-out; ,Medium
A0700,54704.98,24,24,50268.27,28,28,52,104973.25,0.9188975117073438,40,Fan-out; ,Medium
A0699,46528.14,21,21,46966.23,27,27,48,93494.37,1.0094155923705526,40,Fan-out; ,Medium
A0698,30530.29,21,21,58426.74,30,30,51,88957.03,1.9137302659096915,40,Fan-out; ,Medium
A0691,65903.18,23,23,45551.54,31,31,54,111454.72,0.6911888015115508,40,Fan-out; ,Medium
A0690,63505.21,19,19,71521.91,35,34,54,135027.12,1.126236886705831,40,Fan-out; ,Medium
A1328,45605.76,17,17,54891.63,32,32,49,100497.39,1.203611780617185,40,Fan-out; ,Medium
A1326,26984.48,19,19,35158.52,30,30,49,62143.0,1.3029163430238415,40,Fan-out; ,Medium
A1358,42864.89,22,22,49241.06,29,28,51,92105.95,1.1487504108840592,40,Fan-out; ,Medium
A1609,21781.91,17,17,33454.33,25,25,42,55236.240000000005,1.5358767895010126,40,Fan-out; ,Medium
A0379,35076.92,24,24,68557.68,25,25,49,103634.6,1.9544954346048624,40,Fan-out; ,Medium
A0375,19514.39,12,12,48774.7,33,33,45,68289.09,2.499422221242888,40,Fan-out; ,Medium
A0373,57676.56,22,22,64265.99,27,27,49,121942.55,1.1142479717930474,40,Fan-out; ,Medium
A1652,41692.81,24,24,35255.93,26,26,50,76948.73999999999,0.8456117493639791,40,Fan-out; ,Medium
A1650,27997.5,21,21,56030.19,25,25,46,84027.69,2.001256897937316,40,Fan-out; ,Medium
A1649,22517.61,20,20,52092.29,30,30,50,74609.9,2.3134022660486613,40,Fan-out; ,Medium
A0718,18560.61,18,18,48289.84,31,31,49,66850.45,2.60173776616178,40,Fan-out; ,Medium
A0717,23236.1,17,17,59610.84,29,29,46,82846.94,2.565440844203632,40,Fan-out; ,Medium
A0716,24952.5,21,21,48464.77,25,25,46,73417.27,1.9422811341548945,40,Fan-out; ,Medium
A0708,31648.44,22,22,54248.7,27,27,49,85897.14,1.7141034439612188,40,Fan-out; ,Medium
A0705,32282.38,18,18,61549.97,27,27,45,93832.35,1.9066119040789435,40,Fan-out; ,Medium
A1311,30351.35,17,17,57422.57,29,29,46,87773.92,1.891928036149957,40,Fan-out; ,Medium
A1307,37999.03,19,19,50722.29,27,27,46,88721.32,1.3348311785853482,40,Fan-out; ,Medium
A1335,38518.87,22,22,37281.07,26,26,48,75799.94,0.9678651009232616,40,Fan-out; ,Medium
A1623,32352.88,24,24,35915.45,34,34,58,68268.33,1.1101160082193609,40,Fan-out; ,Medium
A0399,30007.16,24,24,75869.41,40,39,64,105876.57,2.528376894047954,40,Fan-out; ,Medium
A1301,25244.31,14,14,61431.54,33,33,47,86675.85,2.433480653660172,40,Fan-out; ,Medium
A0363,70300.61,21,21,34659.81,27,27,48,104960.42,0.4930228912665195,40,Fan-out; ,Medium
A1643,53421.88,22,21,42608.38,29,29,51,96030.26,0.7975829379273062,40,Fan-out; ,Medium
A0328,32862.65,23,23,56597.56,26,26,49,89460.20999999999,1.7222457714152692,40,Fan-out; ,Medium
A0325,34006.22,22,21,75758.04000000001,27,27,49,109764.26,2.227770096176523,40,Fan-out; ,Medium
A0324,66934.65,24,24,52712.82,25,25,49,119647.47,0.7875266397897054,40,Fan-out; ,Medium
A0351,40800.99,24,23,63893.84,33,33,57,104694.83,1.5659874919701704,40,Fan-out; ,Medium
A0735,49536.69,17,17,38749.51,27,27,44,88286.20000000001,0.782238579121859,40,Fan-out; ,Medium
A0732,40775.51,23,22,51009.31,29,28,52,91784.82,1.2509790803352303,40,Fan-out; ,Medium
A0730,36217.21,20,20,42642.04,29,29,49,78859.25,1.1773971545571844,40,Fan-out; ,Medium
A0728,19808.51,20,20,47159.93,29,29,49,66968.44,2.380791387136135,40,Fan-out; ,Medium
A0721,37377.59,20,20,83858.05,29,29,49,121235.64,2.243538173541954,40,Fan-out; ,Medium
A1295,26151.58,21,21,64866.73,33,33,54,91018.31,2.4804134205275554,40,Fan-out; ,Medium
A1317,37110.51,23,23,43196.66,32,32,55,80307.17000000001,1.1640007103109065,40,Fan-out; ,Medium
A1633,24927.62,16,16,57589.76,25,25,41,82517.38,2.310279120108538,40,Fan-out; ,Medium
A0382,54213.34,24,23,53314.51,27,27,51,107527.85,0.9834205013009714,40,Fan-out; ,Medium
A0348,21904.12,14,14,30083.58,27,27,41,51987.7,1.3734210732958,40,Fan-out; ,Medium
A1662,64446.97,24,22,40730.85,26,26,50,105177.82,0.6320056629504847,40,Fan-out; ,Medium
A1661,50066.12,22,22,37959.42,29,29,51,88025.54,0.7581857751309669,40,Fan-out; ,Medium
A1655,36504.33,23,23,67508.33,31,31,54,104012.66,1.849323902123392,40,Fan-out; ,Medium
A1653,36547.46,19,19,44598.85,27,27,46,81146.31,1.2202995775903442,40,Fan-out; ,Medium
A0306,12370.26,16,16,47162.09,25,25,41,59532.35,3.812538297497385,40,Fan-out; ,Medium
A1680,45238.08,17,17,64543.22,28,28,45,109781.3,1.4267453437458,40,Fan-out; ,Medium
A1679,32658.18,18,18,57756.99,31,31,49,90415.17,1.768530579475035,40,Fan-out; ,Medium
A1678,31184.75,19,19,44394.89,25,25,44,75579.64,1.4236089755409294,40,Fan-out; ,Medium
A1677,64807.85,22,22,59349.81,33,33,55,124157.66,0.915781190087312,40,Fan-out; ,Medium
A1283,44639.02,23,23,71671.27,31,31,54,116310.29,1.6055744503351552,40,Fan-out; ,Medium
A1281,37680.12,23,22,44316.42,27,27,50,81996.54000000001,1.1761220505667178,40,Fan-out; ,Medium
A0746,49330.96,22,22,56474.76,29,29,51,105805.72,1.1448137234710212,40,Fan-out; ,Medium
A0740,36937.26,20,20,84695.72,26,26,46,121632.98,2.292961632779475,40,Fan-out; ,Medium
A1272,59509.23,24,24,44409.53,25,25,49,103918.76,0.7462628906473836,40,Fan-out; ,Medium
A1305,23565.99,23,23,43860.22,32,32,55,67426.21,1.861166027822298,40,Fan-out; ,Medium
A0775,46782.670000000006,24,23,36627.0,25,25,49,83409.67000000001,0.7829181190385243,40,Fan-out; ,Medium
A0774,35033.95,23,23,40122.71,28,28,51,75156.66,1.1452522481764118,40,Fan-out; ,Medium
A0770,23060.54,23,22,92101.94,37,35,60,115162.48,3.993919483238467,40,Fan-out; ,Medium
A1265,32947.48,17,17,68023.2,29,29,46,100970.68,2.064594925013992,40,Fan-out; ,Medium
A0768,49616.71,18,18,48735.84,32,32,50,98352.55,0.9822465052600224,40,Fan-out; ,Medium
A0765,19516.63,20,20,55067.86,29,29,49,74584.49,2.8215865136552774,40,Fan-out; ,Medium
A0764,27358.98,17,17,41879.46,27,27,44,69238.44,1.5307390845711353,40,Fan-out; ,Medium
A0763,57781.37,25,23,55061.25,31,31,56,112842.62,0.9529239268643164,40,Fan-out; ,Medium
A0758,39170.54,24,24,81611.16,26,26,50,120781.7,2.083483148304823,40,Fan-out; ,Medium
A0756,51046.02,20,20,40260.17,26,26,46,91306.19,0.7887034091982098,40,Fan-out; ,Medium
A1264,45956.22,23,23,36431.17,25,25,48,82387.39,0.7927364348068662,40,Fan-out; ,Medium
A1263,34855.54,18,18,43671.64,31,31,49,78527.18,1.2529325323893992,40,Fan-out; ,Medium
A1261,20869.56,17,17,76935.33,34,34,51,97804.89,3.686485484121372,40,Fan-out; ,Medium
A1293,34556.15,20,20,50936.6,31,31,51,85492.75,1.4740241606776217,40,Fan-out; ,Medium
A1292,33342.91,18,18,35416.21,25,25,43,68759.12,1.062181135359811,40,Fan-out; ,Medium
A1284,30905.22,23,23,119896.07,37,37,60,150801.29,3.879476347361385,40,Fan-out; ,Medium
A0307,49602.32,24,24,59340.51,32,31,56,108942.83,1.1963252928492054,40,Fan-out; ,Medium
A1717,39921.97,23,23,102384.37,36,34,59,142306.34,2.5646121671851363,40,Fan-out; ,Medium
A1716,25912.47,17,17,63134.78,28,27,45,89047.25,2.4364632163587645,40,Fan-out; ,Medium
A0303,28017.0,17,17,56153.4,29,29,46,84170.4,2.004261698254631,40,Fan-out; ,Medium
A1675,23619.38,20,20,65223.59,35,35,55,88842.97,2.761443780488734,40,Fan-out; ,Medium
A1673,26552.32,18,18,48816.75,34,33,52,75369.07,1.8385116630109912,40,Fan-out; ,Medium
A1670,31085.63,22,22,57884.95,30,30,52,88970.58,1.8621128154713285,40,Fan-out; ,Medium
A0334,26704.4,23,23,36038.06,26,25,49,62742.46,1.3495176824792916,40,Fan-out; ,Medium
A0333,45379.86,23,23,57055.14,33,33,56,102435.0,1.2572788897982496,40,Fan-out; ,Medium
A1694,73837.3,23,23,47931.23,36,35,59,121768.53,0.6491465695522451,40,Fan-out; ,Medium
A1691,31766.06,23,23,82154.59,26,26,49,113920.65,2.5862379533376187,40,Fan-out; ,Medium
A1690,39134.58,22,22,63818.53,33,33,55,102953.11,1.6307452386099457,40,Fan-out; ,Medium
A1687,37523.36,21,19,75886.37,36,36,57,113409.73,2.0223767274572424,40,Fan-out; ,Medium
A0783,19827.9,19,19,47216.75,27,27,46,67044.65,2.381328834621921,40,Fan-out; ,Medium
A0778,24438.74,20,20,34309.85,25,25,45,58748.59,1.403912394828866,40,Fan-out; ,Medium
A0776,52724.55,21,21,36142.95,29,29,50,88867.5,0.6855051394464249,40,Fan-out; ,Medium
A1243,32972.26,24,24,56492.15,27,27,51,89464.41,1.7133235635045945,40,Fan-out; ,Medium
A1712,39377.37,24,24,22701.15,26,26,50,62078.52,0.5765024429005798,40,Fan-out; ,Medium
A1704,31954.77,20,19,39434.73,25,25,45,71389.5,1.2340796068943696,40,Fan-out; ,Medium
A1703,50373.57,24,24,49676.47,27,27,51,100050.04,0.9861613937626418,40,Fan-out; ,Medium
A1701,34555.93,16,16,57125.08,27,27,43,91681.01,1.653119450120428,40,Fan-out; ,Medium
A1699,49094.97,24,24,48642.28,29,29,53,97737.25,0.9907792997938484,40,Fan-out; ,Medium
A0799,39829.310000000005,17,17,44418.73,28,28,45,84248.04000000001,1.11522720328321,40,Fan-out; ,Medium
A0797,31492.03,23,23,74144.63,28,28,51,105636.66,2.354393476698708,40,Fan-out; ,Medium
A0794,45212.4,22,22,50869.45,39,38,61,96081.85,1.125121648043457,40,Fan-out; ,Medium
A0793,20833.72,19,19,58587.8,27,27,46,79421.52,2.812162206269452,40,Fan-out; ,Medium
A0787,42299.59,25,24,52789.38,25,25,50,95088.97,1.247987982862245,40,Fan-out; ,Medium
A1258,36550.76,21,21,39043.55,25,25,46,75594.31,1.0682007706542902,40,Fan-out; ,Medium
A1686,62748.68,24,24,55011.6,27,25,51,117760.28,0.876697326541371,40,Fan-out; ,Medium
A1683,36901.46,18,18,91594.17,32,32,50,128495.63,2.4821286203852098,40,Fan-out; ,Medium
A1682,56856.42,21,21,51660.67,37,36,58,108517.09,0.9086163004986948,40,Fan-out; ,Medium
A0311,38896.15,24,24,46104.26,27,27,51,85000.41,1.1853167987062987,40,Fan-out; ,Medium
A0273,36144.75,23,23,36721.64,32,32,55,72866.39,1.0159605475207325,40,Fan-out; ,Medium
A1744,40093.66,22,22,48289.81,29,28,51,88383.47,1.2044250886549146,40,Fan-out; ,Medium
A1730,59020.07,23,23,65611.04000000001,29,29,52,124631.11000000002,1.1116733680593738,40,Fan-out; ,Medium
A1723,22475.13,14,14,72679.79,33,33,47,95154.92,3.233787301786463,40,Fan-out; ,Medium
A1721,43204.08,22,22,50323.72,27,27,49,93527.8,1.1647909178947915,40,Fan-out; ,Medium
A1718,49281.85,20,20,52194.4,26,26,46,101476.25,1.0590998511622434,40,Fan-out; ,Medium
A1756,21692.74,20,20,56897.78,27,27,47,78590.52,2.6228950330848013,40,Fan-out; ,Medium
A1752,50028.22,16,16,50816.35,26,26,42,100844.57,1.0157537086068622,40,Fan-out; ,Medium
A1225,45928.9,24,24,45748.12,28,27,52,91677.02,0.9960639161834924,40,Fan-out; ,Medium
A1224,19725.82,16,16,45700.73,26,25,42,65426.55,2.3167974766068027,40,Fan-out; ,Medium
A1219,63617.11,21,21,84654.49,31,31,52,148271.6,1.3306874518506109,40,Fan-out; ,Medium
A1217,58112.56,23,23,45469.93,26,26,49,103582.49,0.7824458258249164,40,Fan-out; ,Medium
A0814,28993.2,22,22,43866.38,31,30,53,72859.58,1.5129885628354234,40,Fan-out; ,Medium
A0806,36513.4,21,21,57235.16,33,33,54,93748.56,1.567511105511949,40,Fan-out; ,Medium
A0805,48792.16,24,24,33686.47,26,26,50,82478.63,0.6904074343091184,40,Fan-out; ,Medium
A1244,45697.43,24,24,73130.52,32,32,56,118827.95,1.6003201930611854,40,Fan-out; ,Medium
A1200,15820.34,18,18,41324.64,26,26,44,57144.98,2.6121208520170867,40,Fan-out; ,Medium
A1199,21030.79,18,18,40252.99,30,30,48,61283.78,1.914002755008252,40,Fan-out; ,Medium
A1196,43338.84,18,18,63577.04,28,28,46,106915.88,1.466976042736723,40,Fan-out; ,Medium
A1195,31347.97,21,21,51459.24,26,26,47,82807.20999999999,1.641549357103506,40,Fan-out; ,Medium
A0802,61171.76,24,23,46950.1,26,26,50,108121.86,0.7675126561668325,40,Fan-out; ,Medium
A0831,46041.8,24,24,50142.19,28,28,52,96183.99,1.0890579864384102,40,Fan-out; ,Medium
A0826,48904.1,21,21,41629.65,27,27,48,90533.75,0.851250713130392,40,Fan-out; ,Medium
A0825,34258.12,24,24,33267.86,25,25,49,67525.98000000001,0.9710941522768908,40,Fan-out; ,Medium
A0822,29435.06,18,18,52512.75,28,28,46,81947.81,1.7840204844155234,40,Fan-out; ,Medium
A0821,36683.58,18,17,37640.11,28,28,46,74323.69,1.0260751540607542,40,Fan-out; ,Medium
A1215,30830.74,23,23,48010.76,33,33,56,78841.5,1.5572367059629446,40,Fan-out; ,Medium
A1208,30851.13,24,24,60380.47,27,27,51,91231.6,1.957155864307077,40,Fan-out; ,Medium
A1206,26554.47,17,17,67060.93,35,35,52,93615.4,2.525410222836306,40,Fan-out; ,Medium
A0785,26634.77,21,21,40898.63,26,26,47,67533.4,1.5355353171812631,40,Fan-out; ,Medium
A1231,46072.6,24,24,44426.6,27,27,51,90499.2,0.96427377660475,40,Fan-out; ,Medium
A1227,42758.32,22,22,53265.83,26,26,48,96024.15,1.2457418813461334,40,Fan-out; ,Medium
A0846,44312.36,21,21,38467.78,30,30,51,82780.14,0.8681049711638017,40,Fan-out; ,Medium
A0253,69518.5,23,23,52121.4,27,27,50,121639.9,0.7497486280630336,40,Fan-out; ,Medium
A0244,53118.57,23,23,96842.46,26,25,49,149961.03,1.8231375581082097,40,Fan-out; ,Medium
A1783,17572.04,19,17,60492.51,29,29,48,78064.55,3.442543381417297,40,Fan-out; ,Medium
A1750,33645.26,21,21,43845.03,27,27,48,77490.29000000001,1.303156224680683,40,Fan-out; ,Medium
A1745,40292.84,20,20,30187.74,26,25,46,70480.58,0.7492085442475636,40,Fan-out; ,Medium
A0271,51842.98,21,21,75788.6,30,30,51,127631.58000000002,1.4618874146509324,40,Fan-out; ,Medium
A0269,59134.86,23,23,23175.21,25,25,48,82310.07,0.3919043690980244,40,Fan-out; ,Medium
A0263,18584.47,15,15,50775.56,26,26,41,69360.03,2.7321500155775222,40,Fan-out; ,Medium
A0262,32384.89,25,24,54016.76,28,28,53,86401.65,1.6679618179959852,40,Fan-out; ,Medium
A1767,35284.2,21,21,38904.97,26,26,47,74189.17,1.1026173187999162,40,Fan-out; ,Medium
A1764,43680.01,18,18,61911.33,32,31,50,105591.34,1.4173836040788452,40,Fan-out; ,Medium
A0840,48724.1,22,22,63624.07,25,25,47,112348.17,1.3058028778366353,40,Fan-out; ,Medium
A0838,29740.95,18,17,51521.03,28,28,46,81261.98,1.7323263043043344,40,Fan-out; ,Medium
A0836,54897.77,20,20,70190.93,29,29,49,125088.69999999998,1.278575249960062,40,Fan-out; ,Medium
A0833,58047.46,24,24,37395.27,25,25,49,95442.73,0.644218885718686,40,Fan-out; ,Medium
A1790,37906.18,20,20,55134.76,29,29,49,93040.94,1.454505835196266,40,Fan-out; ,Medium
A0239,32862.89,22,22,59744.34,30,30,52,92607.23,1.817988010184132,40,Fan-out; ,Medium
A0235,24160.71,21,20,66307.12,25,25,46,90467.83,2.74441934860358,40,Fan-out; ,Medium
A0233,46689.65,20,20,58927.04,31,31,51,105616.69,1.2621007011189846,40,Fan-out; ,Medium
A0232,62188.380000000005,24,24,37220.63,29,29,53,99409.01,0.598514224039925,40,Fan-out; ,Medium
A0231,57742.03,21,20,86634.06,29,29,50,144376.09,1.500363946331641,40,Fan-out; ,Medium
A0229,50366.74,22,22,45043.03,25,25,47,95409.77,0.8943010804352237,40,Fan-out; ,Medium
A0227,42041.59,19,19,62177.72,29,29,48,104219.31,1.478957384818224,40,Fan-out; ,Medium
A0226,52357.78,25,24,45402.33,28,28,53,97760.11,0.8671553683139355,40,Fan-out; ,Medium
A0225,85401.12,23,23,65706.69,33,32,56,151107.81,0.7693890899791479,40,Fan-out; ,Medium
A0194,30075.88,20,20,47839.49,29,29,49,77915.37,1.5906264421855651,40,Fan-out; ,Medium
A0863,35668.93,23,22,31883.870000000003,25,25,48,67552.8,0.8938835563612366,40,Fan-out; ,Medium
A0862,51159.95,22,22,53829.89,25,25,47,104989.84,1.0521880885340975,40,Fan-out; ,Medium
A0859,30893.07,21,21,81273.96,30,30,51,112167.03,2.630815260509882,40,Fan-out; ,Medium
A0856,13107.8,11,11,61715.25,28,27,39,74823.05,4.708284380292651,40,Fan-out; ,Medium
A1184,37462.63,20,20,45140.65,27,27,47,82603.28,1.204951440942614,40,Fan-out; ,Medium
A1817,18340.93,13,13,38046.38,25,25,38,56387.31,2.0743975360028086,40,Fan-out; ,Medium
A1814,68074.37,22,22,33528.49,29,28,51,101602.86,0.4925273638228308,40,Fan-out; ,Medium
A1810,44854.05,24,24,52289.59,26,26,50,97143.64,1.1657718756723192,40,Fan-out; ,Medium
A1809,32606.26,22,22,40078.05,30,30,52,72684.31,1.22915200946076,40,Fan-out; ,Medium
A0204,36191.16,23,23,49926.92,26,26,49,86118.08,1.3795335656552592,40,Fan-out; ,Medium
A1850,29924.52,18,17,75300.15,32,32,50,105224.67,2.516336101631705,40,Fan-out; ,Medium
A1849,35197.15,17,17,46801.05,35,35,52,81998.20000000001,1.329682943079198,40,Fan-out; ,Medium
A1848,66580.26,22,21,49602.32,27,27,49,116182.58,0.7450003950119751,40,Fan-out; ,Medium
A1846,53869.09,23,23,58357.41,25,25,48,112226.5,1.083319023952326,40,Fan-out; ,Medium
A0192,48834.1,18,18,38921.54,27,27,45,87755.64,0.7970156099938364,40,Fan-out; ,Medium
A1169,52619.63,24,24,35921.8,28,28,52,88541.43,0.6826691863853852,40,Fan-out; ,Medium
A0874,35486.700000000004,19,19,44517.91,30,30,49,80004.61,1.2544956279394812,40,Fan-out; ,Medium
A0871,44774.58,21,21,62694.02,33,33,54,107468.6,1.4002145860441348,40,Fan-out; ,Medium
A0869,49511.04,23,23,54016.28,32,32,55,103527.32,1.0909946549294864,40,Fan-out; ,Medium
A1190,30116.38,22,22,48371.42,26,26,48,78487.8,1.6061498759147017,40,Fan-out; ,Medium
A0213,39301.8,18,18,39652.82,28,27,46,78954.62,1.0089313975441327,40,Fan-out; ,Medium
A1167,47411.16,24,24,58959.11,26,26,50,106370.27,1.2435702902017165,40,Fan-out; ,Medium
A1166,31125.12,19,19,44016.15,26,26,45,75141.27,1.4141680417617668,40,Fan-out; ,Medium
A1162,20043.3,18,18,47960.73,26,26,44,68004.03,2.392855966831809,40,Fan-out; ,Medium
A0188,31191.72,23,23,60287.93,26,26,49,91479.65,1.932818388982717,40,Fan-out; ,Medium
A1839,48647.08,17,17,37846.53,28,28,45,86493.61,0.7779815355824028,40,Fan-out; ,Medium
A1832,20139.26,18,18,36736.16,27,27,45,56875.42,1.8241067447364008,40,Fan-out; ,Medium
A1830,29014.52,17,17,90468.26,25,25,42,119482.78,3.118034005042992,40,Fan-out; ,Medium
A1829,28977.02,23,23,31020.95,25,25,48,59997.97,1.0705362387160584,40,Fan-out; ,Medium
A1864,33053.04,20,20,72969.06999999999,31,31,51,106022.11,2.207635666794945,40,Fan-out; ,Medium
A1861,37908.24,19,19,42018.79,25,25,44,79927.03,1.1084342084992604,40,Fan-out; ,Medium
A1857,27613.15,23,23,61967.52,35,35,58,89580.67,2.244130785513424,40,Fan-out; ,Medium
A1156,33735.0,18,18,58242.99,30,29,48,91977.99,1.7264855491329478,40,Fan-out; ,Medium
A1153,31495.12,19,19,64650.3,28,28,47,96145.42,2.052708483091984,40,Fan-out; ,Medium
A0891,41761.07,21,21,41275.14,25,25,46,83036.20999999999,0.9883640433542532,40,Fan-out; ,Medium
A0884,89199.76,20,19,49101.95,25,25,45,138301.71,0.5504717725697916,40,Fan-out; ,Medium
A1819,64619.89,23,23,56916.8,28,28,51,121536.69,0.8807938236973166,40,Fan-out; ,Medium
A0173,47731.02,21,21,51380.92,29,29,50,99111.94,1.0764680914005191,40,Fan-out; ,Medium
A0169,44837.18,21,21,42836.87,27,27,48,87674.05,0.9553872478153176,40,Fan-out; ,Medium
A0162,41266.54,24,24,55579.08,35,35,59,96845.62,1.346831597706035,40,Fan-out; ,Medium
A0161,16991.7,19,19,61710.04,25,25,44,78701.74,3.631775513927388,40,Fan-out; ,Medium
A1852,26602.91,17,17,44883.55,31,31,48,71486.46,1.6871669302343242,40,Fan-out; ,Medium
A1877,40301.11,22,22,43823.23,31,31,53,84124.34,1.0873951114497835,40,Fan-out; ,Medium
A1876,29610.9,22,22,39959.54,33,33,55,69570.44,1.3494875197984526,40,Fan-out; ,Medium
A1874,37923.86,23,23,55767.12,31,31,54,93690.98,1.4705022115364836,40,Fan-out; ,Medium
A1142,29879.46,21,21,64410.67,33,33,54,94290.13,2.155683871127524,40,Fan-out; ,Medium
A1141,34037.950000000004,22,22,37929.06,26,26,48,71967.01000000001,1.1143168140266964,40,Fan-out; ,Medium
A1138,41479.18,24,24,41856.49,27,26,51,83335.67,1.0090963707575704,40,Fan-out; ,Medium
A0911,41050.08,20,20,55240.65,25,25,45,96290.73,1.3456892166836216,40,Fan-out; ,Medium
A0910,33679.33,23,23,55888.11,25,25,48,89567.44,1.6594186998375562,40,Fan-out; ,Medium
A0903,46980.740000000005,20,20,37924.16,26,26,46,84904.9,0.8072278129292981,40,Fan-out; ,Medium
A0902,43763.42,22,22,35338.35,25,25,47,79101.76999999999,0.8074860237156968,40,Fan-out; ,Medium
A0865,38683.5,23,23,40196.05,25,25,48,78879.55,1.039100650147996,40,Fan-out; ,Medium
A0934,42454.07,24,24,55347.36,26,26,50,97801.43,1.3036997395067187,40,Fan-out; ,Medium
A0931,30900.77,26,24,46912.02,30,29,56,77812.79000000001,1.5181505185793105,40,Fan-out; ,Medium
A0929,29803.91,18,16,40792.39,29,28,47,70596.3,1.368692564163561,40,Fan-out; ,Medium
A0900,51375.2,24,23,37853.54,30,30,54,89228.73999999999,0.7368056961335431,40,Fan-out; ,Medium
A0899,40905.44,24,24,58596.26,33,33,57,99501.7,1.4324808631810342,40,Fan-out; ,Medium
A0897,23286.79,20,19,35440.770000000004,26,26,46,58727.560000000005,1.5219259502919895,40,Fan-out; ,Medium
A0926,24078.89,24,23,42172.53,28,28,52,66251.42,1.7514316482196646,40,Fan-out; ,Medium
A0925,20886.92,16,16,67485.48,32,32,48,88372.4,3.2309924105612504,40,Fan-out; ,Medium
A0921,28520.3,22,22,40106.62,27,27,49,68626.92,1.4062481811201144,40,Fan-out; ,Medium
A0920,55864.19,23,23,45740.23,25,25,48,101604.42,0.8187754982216694,40,Fan-out; ,Medium
A0916,44790.75,22,22,51203.63,30,30,52,95994.38,1.1431742044953477,40,Fan-out; ,Medium
A0913,57407.18,24,24,43600.01,30,30,54,101007.19,0.7594870537100064,40,Fan-out; ,Medium
A1136,29154.31,20,20,49272.75,36,36,56,78427.06,1.690067437713326,40,Fan-out; ,Medium
A1135,15437.22,13,13,42670.27,27,27,40,58107.490000000005,2.76411620745186,40,Fan-out; ,Medium
A1152,42661.25,18,18,80309.41,33,33,51,122970.66,1.8824907849629349,40,Fan-out; ,Medium
A1145,48657.44,24,24,32226.42,28,28,52,80883.86,0.6623122794787395,40,Fan-out; ,Medium
A1126,55730.74,22,22,37110.57,25,25,47,92841.31,0.6658904941868706,40,Fan-out; ,Medium
A1873,24230.76,20,20,39767.93,33,33,53,63998.69,1.6412167839556004,40,Fan-out; ,Medium
A0160,39751.78,22,22,75930.79000000001,26,26,48,115682.57,1.9101230183906237,40,Fan-out; ,Medium
A0156,51983.55,23,23,49931.65,26,25,49,101915.2,0.9605278977676592,40,Fan-out; ,Medium
A0146,49976.18,21,21,38144.73,26,26,47,88120.91,0.7632582162142045,40,Fan-out; ,Medium
A1871,30430.53,20,20,47400.37,26,26,46,77830.9,1.5576583779513535,40,Fan-out; ,Medium
A1869,28495.620000000003,20,19,42668.71,25,25,45,71164.33,1.4973778426298496,40,Fan-out; ,Medium
A1868,59978.91,23,23,54471.8,27,27,50,114450.71,0.9081825595029988,40,Fan-out; ,Medium
A1867,20984.59,13,13,55324.97,29,29,42,76309.56,2.6364570382361534,40,Fan-out; ,Medium
A0116,45910.91,22,22,48295.81,26,26,48,94206.72,1.051946258525479,40,Fan-out; ,Medium
A0114,47441.59,22,22,49255.96,28,27,50,96697.55,1.038244291559368,40,Fan-out; ,Medium
A0944,39586.78,23,22,50971.99,29,29,52,90558.77,1.287601315388622,40,Fan-out; ,Medium
A0943,50651.81,21,21,46414.53,27,27,48,97066.34,0.9163449440404992,40,Fan-out; ,Medium
A0942,42207.18,21,20,51626.41,30,30,51,93833.59,1.2231665323293337,40,Fan-out; ,Medium
A0940,29298.49,20,20,71481.14,33,32,53,100779.63,2.43975508635428,40,Fan-out; ,Medium
A0937,49132.05,22,22,49682.11,25,25,47,98814.16,1.0111955434385498,40,Fan-out; ,Medium
A0141,35253.43,22,21,58912.21,28,28,50,94165.64,1.6711057619074228,40,Fan-out; ,Medium
A0137,21370.57,18,18,78792.96,27,27,45,100163.53,3.6869844838017896,40,Fan-out; ,Medium
A0133,34048.9,19,19,80957.23000000001,36,36,55,115006.13,2.377675343403165,40,Fan-out; ,Medium
A0129,44794.68,24,24,54792.18,30,30,54,99586.86,1.2231849853598686,40,Fan-out; ,Medium
A1888,32547.02,16,16,69788.71,33,33,49,102335.73,2.1442426987171177,40,Fan-out; ,Medium
A1887,29567.28,23,23,34969.14,25,25,48,64536.42,1.1826972247700838,40,Fan-out; ,Medium
A1902,34256.49,22,22,53023.9,25,25,47,87280.39,1.5478497651102026,40,Fan-out; ,Medium
A1901,23433.24,16,16,56395.01,29,29,45,79828.25,2.4066245214063446,40,Fan-out; ,Medium
A1898,32734.5,20,20,55636.18,25,25,45,88370.68,1.6996190563472788,40,Fan-out; ,Medium
A1897,21114.46,16,16,54050.57,30,30,46,75165.03,2.559884079441293,40,Fan-out; ,Medium
A1108,40933.52,21,21,53942.86,25,25,46,94876.38,1.3178163031178358,40,Fan-out; ,Medium
A1106,45637.62,21,21,41412.72,28,28,49,87050.34,0.9074250585372332,40,Fan-out; ,Medium
A0957,18627.62,17,16,58886.33,29,29,46,77513.95,3.1612374527717444,40,Fan-out; ,Medium
A0956,41908.32,23,23,48586.01,28,28,51,90494.33,1.1593404364574864,40,Fan-out; ,Medium
A1128,24942.86,21,21,51869.92,28,28,49,76812.78,2.0795498190664583,40,Fan-out; ,Medium
A1127,26297.27,21,21,74693.28,32,32,53,100990.55,2.840343503337038,40,Fan-out; ,Medium
A1925,39809.94,24,24,33501.16,25,25,49,73311.1,0.8415275180017854,40,Fan-out; ,Medium
A1894,41689.22,23,23,29804.13,25,25,48,71493.35,0.7149121523501759,40,Fan-out; ,Medium
A1891,25751.52,24,24,42890.28,27,27,51,68641.8,1.6655436261626495,40,Fan-out; ,Medium
A1890,51754.79,24,24,29543.7,30,30,54,81298.49,0.5708399164599064,40,Fan-out; ,Medium
A0125,18400.91,19,19,59420.77,30,30,49,77821.68000000001,3.229229967430959,40,Fan-out; ,Medium
A0123,37236.3,15,15,55680.99,33,32,48,92917.29,1.4953416424295645,40,Fan-out; ,Medium
A0118,30410.07,24,23,71116.91,31,31,55,101526.98,2.33859737909186,40,Fan-out; ,Medium
A0117,57554.21,24,24,56630.58,30,30,54,114184.79,0.983951999341143,40,Fan-out; ,Medium
A1910,44699.15,21,21,47175.38,30,30,51,91874.53,1.055397697719084,40,Fan-out; ,Medium
A1908,63720.76,21,21,52120.35,29,29,50,115841.11,0.8179492837185244,40,Fan-out; ,Medium
A0973,30654.35,18,17,57847.02,37,37,55,88501.37,1.8870737758262692,40,Fan-out; ,Medium
A0970,38604.85,19,19,75455.18,28,28,47,114060.03,1.954551824446928,40,Fan-out; ,Medium
A1101,33484.4,19,19,58799.98,37,37,56,92284.38,1.7560410220878977,40,Fan-out; ,Medium
A1098,25985.26,18,18,50537.5,26,26,44,76522.76000000001,1.9448525818098408,40,Fan-out; ,Medium
A1093,35685.36,24,24,77145.34,32,32,56,112830.7,2.1618204215958587,40,Fan-out; ,Medium
A1110,42357.33,23,23,46408.29,25,25,48,88765.62,1.09563775620418,40,Fan-out; ,Medium
A0994,50117.34,23,23,68958.79,33,33,56,119076.13,1.3759467282182172,40,Fan-out; ,Medium
A0993,40277.99,21,21,44127.83,33,31,54,84405.82,1.0955817308659148,40,Fan-out; ,Medium
A1070,52881.49,24,24,51626.48,27,27,51,104507.97,0.9762674992705388,40,Fan-out; ,Medium
A1090,56879.46,22,22,55493.23,28,28,50,112372.69,0.9756286364181376,40,Fan-out; ,Medium
A1089,60602.51,24,24,50740.05,31,30,55,111342.56,0.8372598758698279,40,Fan-out; ,Medium
A0991,31169.95,19,19,46128.67,27,27,46,77298.62,1.479908373289017,40,Fan-out; ,Medium
A0986,35530.81,19,19,59788.3,30,30,49,95319.11,1.6827170559860585,40,Fan-out; ,Medium
A0984,30486.13,19,19,63404.09,36,36,55,93890.22,2.079768406157161,40,Fan-out; ,Medium
A0982,46607.49,22,22,59716.3,32,32,54,106323.79,1.2812597288547398,40,Fan-out; ,Medium
A0977,37303.79,22,22,39368.42,29,29,51,76672.20999999999,1.0553463870561142,40,Fan-out; ,Medium
A1087,53908.99,22,22,39266.15,29,29,51,93175.14,0.728378513490978,40,Fan-out; ,Medium
A0950,43794.16,23,23,52269.18,25,25,48,96063.34,1.193519409893922,40,Fan-out; ,Medium
A0975,38875.42,20,20,52632.060000000005,28,26,48,91507.48,1.3538647299501847,40,Fan-out; ,Medium
A1905,20853.68,19,19,67739.69,31,31,50,88593.37,3.248332668382751,40,Fan-out; ,Medium
A0112,30419.18,20,20,68120.66,31,31,51,98539.84,2.2393983006774016,40,Fan-out; ,Medium
A0106,42442.42,23,23,52076.37,31,31,54,94518.79,1.2269887061105376,40,Fan-out; ,Medium
A1077,32781.57,20,20,35630.21,29,28,49,68411.78,1.0868976074056245,40,Fan-out; ,Medium
A0095,28306.92,21,21,38611.85,29,28,50,66918.76999999999,1.3640427852977293,40,Fan-out; ,Medium
A0093,45482.2,23,23,26788.07,25,25,48,72270.26999999999,0.5889792050516466,40,Fan-out; ,Medium
A0085,32417.85,17,17,65178.99,29,29,46,97596.84,2.010589536320268,40,Fan-out; ,Medium
A0084,28193.54,24,24,41527.03,25,25,49,69720.57,1.4729271315343868,40,Fan-out; ,Medium
A1920,35389.07,23,23,51169.48,26,26,49,86558.55,1.445911972255841,40,Fan-out; ,Medium
A1940,30962.0,20,20,49029.19,27,27,47,79991.19,1.5835278728764293,40,Fan-out; ,Medium
A1939,33698.1,22,22,71708.53,29,29,51,105406.63,2.127969529439345,40,Fan-out; ,Medium
A1938,30659.14,21,21,42966.09,32,32,53,73625.23000000001,1.4014121074498502,40,Fan-out; ,Medium
A1937,34173.99,18,18,42159.93,25,25,43,76333.92,1.2336847409389422,40,Fan-out; ,Medium
A1075,25158.16,22,22,47322.97,29,28,51,72481.13,1.8810187231498647,40,Fan-out; ,Medium
A1008,50082.32,22,22,77615.31,25,25,47,127697.63,1.549754683888446,40,Fan-out; ,Medium
A1005,54387.14,23,23,63191.54,25,25,48,117578.68,1.1618838571029844,40,Fan-out; ,Medium
A1004,23930.08,21,21,88372.73,32,32,53,112302.81,3.692955894840301,40,Fan-out; ,Medium
A0999,41753.83,21,19,65997.31,28,28,49,107751.14,1.580628890810735,40,Fan-out; ,Medium
A0998,31286.87,21,20,30105.75,26,26,47,61392.62,0.96224870049321,40,Fan-out; ,Medium
A0031,37255.61,23,23,53971.61,30,30,53,91227.22,1.4486841042194718,40,Fan-out; ,Medium
A1468,91268.54,22,22,41876.01,25,25,47,133144.55000000002,0.4588219555172023,40,Fan-out; ,Medium
A1493,38124.46,24,23,74128.06999999999,32,32,56,112252.53,1.9443703596064048,40,Fan-out; ,Medium
A1491,39106.18,19,19,28469.07,28,27,47,67575.25,0.7279941431252043,40,Fan-out; ,Medium
A1490,43802.97,22,22,35426.36,26,26,48,79229.33,0.8087661635729266,40,Fan-out; ,Medium
A0019,29853.6,24,24,69798.4,35,35,59,99652.0,2.338022885012193,40,Fan-out; ,Medium
A0018,35145.520000000004,22,22,26784.2,27,27,49,61929.72,0.7620942868394036,40,Fan-out; ,Medium
A0043,37386.88,25,24,44313.69,25,25,50,81700.57,1.1852738179810671,40,Fan-out; ,Medium
A0042,33191.86,16,16,50509.3,27,27,43,83701.16,1.521737558545981,40,Fan-out; ,Medium
A0039,31740.09,19,19,30154.54,26,26,45,61894.630000000005,0.9500458253268972,40,Fan-out; ,Medium
A1968,22786.32,22,21,116598.37,35,35,57,139384.69,5.117033816781297,40,Fan-out; ,Medium
A1964,26304.69,22,22,53598.43,32,32,54,79903.12,2.037599758826278,40,Fan-out; ,Medium
A2000,54949.28,24,24,42532.9,28,28,52,97482.18,0.7740392594771033,40,Fan-out; ,Medium
A1987,41646.79,24,24,43047.66,33,33,57,84694.45,1.0336369261592548,40,Fan-out; ,Medium
A1043,18862.25,17,17,34027.35,30,30,47,52889.6,1.8039921006242627,40,Fan-out; ,Medium
A1036,35409.86,17,17,36405.38,30,29,47,71815.23999999999,1.0281142032191033,40,Fan-out; ,Medium
A1034,26601.39,20,20,50993.34,33,32,53,77594.73,1.9169426860776824,40,Fan-out; ,Medium
A1050,42058.94,19,19,44076.64,29,29,48,86135.58,1.047973153864553,40,Fan-out; ,Medium
A1047,33443.04,23,23,43898.2,27,27,50,77341.23999999999,1.3126258856850332,40,Fan-out; ,Medium
A0074,50098.08,23,22,92442.63,31,29,54,142540.71,1.845232990964923,40,Fan-out; ,Medium
A1936,43417.75,20,20,89535.54,27,26,47,132953.28999999998,2.062187469410552,40,Fan-out; ,Medium
A1935,29583.13,23,23,57567.05,31,31,54,87150.18000000001,1.9459418256283227,40,Fan-out; ,Medium
A1933,45487.38,22,22,58681.55,33,33,55,104168.93,1.2900622106615067,40,Fan-out; ,Medium
A1930,36835.32,20,20,54628.72,27,27,47,91464.04,1.483052678787642,40,Fan-out; ,Medium
A1929,37207.81,24,24,47059.91,25,25,49,84267.72,1.2647858070657747,40,Fan-out; ,Medium
A1959,49819.87,24,24,72240.83,38,38,62,122060.7,1.4500405159628076,40,Fan-out; ,Medium
A1958,38544.06,21,21,37888.66,26,26,47,76432.72,0.9829960829243208,40,Fan-out; ,Medium
A1957,28943.4,17,17,32353.09,26,25,43,61296.490000000005,1.1178054409640883,40,Fan-out; ,Medium
A1061,40968.31,25,24,49626.47,27,27,52,90594.78,1.211337982943402,40,Fan-out; ,Medium
A1017,38608.96,20,20,77590.68,34,34,54,116199.63999999998,2.0096547537152,40,Fan-out; ,Medium
A1012,33654.03,24,24,33888.32,26,26,50,67542.35,1.0069617219691074,40,Fan-out; ,Medium
A1056,45651.37,17,17,65823.8,30,30,47,111475.17,1.4418800574878694,40,Fan-out; ,Medium
A0040,43311.53,27,26,26877.59,18,18,45,70189.12,0.6205643162455817,30,Fan-in; ,Low
A0044,64038.3,26,26,36481.29,24,24,50,100519.59,0.5696792388305123,30,Fan-in; ,Low
A0020,55320.4,25,25,27330.6,12,12,37,82651.0,0.4940419808967397,30,Fan-in; ,Low
A0022,29229.2,26,26,48387.47,23,23,49,77616.67,1.6554496872990023,30,Fan-in; ,Low
A0024,61911.37,28,27,77096.0,21,21,49,139007.37,1.245263995934834,30,Fan-in; ,Low
A0030,50441.7,27,27,32167.99,19,18,46,82609.69,0.6377261273906313,30,Fan-in; ,Low
A1975,51308.35,25,25,39127.8,23,23,48,90436.15,0.7626010191323636,30,Fan-in; ,Low
A1030,28865.2,27,27,34999.42,24,24,51,63864.62,1.2125126449842716,30,Fan-in; ,Low
A1031,55395.75,31,31,36644.46,21,21,52,92040.21,0.6615030936488809,30,Fan-in; ,Low
A1033,31414.86,26,26,46403.780000000006,20,19,46,77818.64000000001,1.4771283399002897,30,Fan-in; ,Low
A1042,57792.0,29,29,33712.51,21,21,50,91504.51,0.5833421580841639,30,Fan-in; ,Low
A1044,29665.77,26,26,34743.63,24,24,50,64409.4,1.1711689937594745,30,Fan-in; ,Low
A1048,67454.71,26,26,44186.88,21,21,47,111641.59,0.6550599654197607,30,Fan-in; ,Low
A1049,107763.77,34,34,36727.06,22,22,56,144490.83000000002,0.3408108309499565,30,Fan-in; ,Low
A1009,69365.41,26,26,48032.95,23,23,49,117398.36,0.6924625688797917,30,Fan-in; ,Low
A1941,52227.89,25,25,37654.58,20,20,45,89882.47,0.7209669010178279,30,Fan-in; ,Low
A1946,37908.35,29,29,43292.5,22,22,51,81200.85,1.1420307135499173,30,Fan-in; ,Low
A1948,51407.18,37,36,62277.36,24,24,61,113684.54,1.2114525636302167,30,Fan-in; ,Low
A1951,77547.0,27,27,41135.04,18,18,45,118682.04,0.5304530155905451,30,Fan-in; ,Low
A0050,68189.97,25,25,31797.24,21,21,46,99987.21,0.4663037687214116,30,Fan-in; ,Low
A0054,46396.96,29,29,40572.53,19,19,48,86969.48999999999,0.8744652666898866,30,Fan-in; ,Low
A0059,48307.16,27,27,30527.27,24,24,51,78834.43000000001,0.6319408965461848,30,Fan-in; ,Low
A0090,58201.89,27,27,52320.62,24,24,51,110522.51,0.898950532362437,30,Fan-in; ,Low
A1020,36941.28,29,29,40748.29,22,22,51,77689.57,1.1030557143661508,30,Fan-in; ,Low
A1023,38133.44,25,25,27332.59,18,18,43,65466.03,0.7167617188483388,30,Fan-in; ,Low
A1065,79792.94,29,29,19477.22,13,13,42,99270.16,0.2440970341486352,30,Fan-in; ,Low
A1069,81014.56999999999,38,37,25014.89,17,17,55,106029.46,0.3087702619417717,30,Fan-in; ,Low
A1072,33063.78,29,29,53903.1,24,24,53,86966.88,1.630276393080283,30,Fan-in; ,Low
A0996,59126.88,31,30,52276.43,22,22,53,111403.31,0.8841398362301546,30,Fan-in; ,Low
A1026,64588.69,31,30,42025.08,22,22,53,106613.77,0.6506569493823144,30,Fan-in; ,Low
A0094,65943.51000000001,28,28,19866.71,14,13,42,85810.22,0.3012686161231029,30,Fan-in; ,Low
A1921,59246.06,30,30,36661.27,22,22,52,95907.33,0.6187967604934405,30,Fan-in; ,Low
A1924,73767.29000000001,28,28,44094.130000000005,20,20,48,117861.42,0.5977463724097768,30,Fan-in; ,Low
A1931,51776.19,27,27,35131.18,22,21,49,86907.37,0.6785199915250619,30,Fan-in; ,Low
A1932,49535.74,28,28,46436.91,23,23,51,95972.65,0.9374425414862076,30,Fan-in; ,Low
A0068,27435.53,27,27,22782.86,20,20,47,50218.39,0.8304144297558678,30,Fan-in; ,Low
A0069,76145.87,26,26,33213.66,24,24,50,109359.53,0.43618465453215,30,Fan-in; ,Low
A0070,43260.17,28,28,26174.13,14,14,42,69434.3,0.6050399247159686,30,Fan-in; ,Low
A0071,31991.05,25,25,39266.310000000005,21,21,46,71257.36,1.227415480267137,30,Fan-in; ,Low
A0098,52146.89,28,28,33974.46,19,19,47,86121.35,0.6515145965559979,30,Fan-in; ,Low
A1002,40778.63,26,26,34808.21,24,24,50,75586.84,0.8535894903776807,30,Fan-in; ,Low
A1007,52924.75,26,26,43353.31,24,24,50,96278.06,0.8191500196033047,30,Fan-in; ,Low
A1078,52243.79,31,30,35509.42,22,22,53,87753.20999999999,0.6796869063289627,30,Fan-in; ,Low
A1079,62219.05,27,27,40709.65,21,21,48,102928.7,0.6542955895340736,30,Fan-in; ,Low
A1088,62491.46,27,27,10641.39,11,11,38,73132.85,0.1702855078117874,30,Fan-in; ,Low
A0981,50496.3,26,26,80874.77,22,22,48,131371.07,1.6015979388588866,30,Fan-in; ,Low
A0099,43536.15,26,26,40373.22,24,24,50,83909.37,0.927349340720298,30,Fan-in; ,Low
A0100,56034.39,28,28,35241.75,22,22,50,91276.14,0.6289307334299525,30,Fan-in; ,Low
A0102,103362.9,31,31,20520.370000000003,17,17,48,123883.27000000002,0.1985274213475047,30,Fan-in; ,Low
A0108,55349.03,28,28,49769.44,20,20,48,105118.47,0.8991926326441494,30,Fan-in; ,Low
A1906,80314.76000000001,30,30,27338.53,22,21,52,107653.29,0.3403923512938343,30,Fan-in; ,Low
A1918,35418.83,25,25,22184.73,20,20,45,57603.56,0.6263541172873299,30,Fan-in; ,Low
A1919,46212.44,27,27,25624.59,20,20,47,71837.03,0.5544954994802265,30,Fan-in; ,Low
A0081,50867.12,32,32,16674.89,17,17,49,67542.01000000001,0.3278127403320651,30,Fan-in; ,Low
A0086,29453.53,25,25,27126.3,23,23,48,56579.83,0.9209863809193668,30,Fan-in; ,Low
A0088,61768.25,33,33,44772.98,22,22,55,106541.23,0.7248542738380964,30,Fan-in; ,Low
A0139,44068.45,33,33,38799.5,23,21,56,82867.95,0.8804371381339712,30,Fan-in; ,Low
A0989,44855.62,29,29,38706.75,24,24,53,83562.37,0.8629186264731152,30,Fan-in; ,Low
A1091,43153.16,26,26,48210.28,23,22,49,91363.44,1.1171900273351938,30,Fan-in; ,Low
A1095,25514.51,26,26,52596.45,22,22,48,78110.95999999999,2.061432886620201,30,Fan-in; ,Low
A1096,59498.240000000005,26,26,51168.36,21,21,47,110666.6,0.8599978755674117,30,Fan-in; ,Low
A1104,57386.44,25,25,28798.38,22,22,47,86184.82,0.5018324886506289,30,Fan-in; ,Low
A0966,54958.47,27,27,25432.0,19,19,46,80390.47,0.4627494178786273,30,Fan-in; ,Low
A0968,40594.39,25,25,29135.73,22,22,47,69730.12,0.7177279914786255,30,Fan-in; ,Low
A0969,70501.89,31,31,41246.7,24,23,55,111748.59,0.5850438903127277,30,Fan-in; ,Low
A0945,38513.32,33,32,26190.7,19,19,52,64704.02,0.6800426449862021,30,Fan-in; ,Low
A0960,35407.020000000004,29,29,45963.17,24,24,53,81370.19,1.2981372055598013,30,Fan-in; ,Low
A1109,44823.99,25,25,20136.44,15,15,40,64960.43,0.4492335465896722,30,Fan-in; ,Low
A1118,45697.45,26,26,46654.51,22,22,48,92351.96,1.0209434005617382,30,Fan-in; ,Low
A1119,41735.41,31,31,42887.58,24,24,55,84622.99,1.027606533636545,30,Fan-in; ,Low
A0983,45028.74,30,30,51142.41,24,24,54,96171.15,1.1357726198867657,30,Fan-in; ,Low
A0119,72429.55,33,33,49474.04,21,21,54,121903.59,0.6830643017939501,30,Fan-in; ,Low
A0121,74558.01,28,28,37084.12,21,21,49,111642.13,0.4973861292703493,30,Fan-in; ,Low
A0124,50299.06,26,26,34807.08,17,17,43,85106.14,0.6920025940842632,30,Fan-in; ,Low
A1892,69895.72,28,27,33054.97,24,24,52,102950.69,0.4729183703952116,30,Fan-in; ,Low
A1895,66826.02,35,35,49466.490000000005,24,23,59,116292.51,0.7402279830521106,30,Fan-in; ,Low
A1903,47754.92,31,30,46236.26,22,22,53,93991.18,0.9681988787752132,30,Fan-in; ,Low
A0097,36969.06,30,30,54662.83,22,22,52,91631.89,1.4786102216285728,30,Fan-in; ,Low
A0153,39254.98,28,27,29873.45,17,17,45,69128.43,0.761010450139065,30,Fan-in; ,Low
A0154,56305.5,26,26,46330.6,21,21,47,102636.1,0.8228432391151841,30,Fan-in; ,Low
A0158,37201.14,30,30,24376.69,19,19,49,61577.83,0.6552672848197663,30,Fan-in; ,Low
A1880,40546.56,28,28,23512.54,22,22,50,64059.1,0.5798898846165988,30,Fan-in; ,Low
A1881,55699.0,25,25,45773.04,24,24,49,101472.04,0.8217928508590818,30,Fan-in; ,Low
A1884,37900.07,27,27,32604.94,21,21,48,70505.01,0.8602870654328606,30,Fan-in; ,Low
A1886,35838.85,26,26,25959.54,21,21,47,61798.39,0.7243407642823361,30,Fan-in; ,Low
A0130,51746.88,29,29,31463.56,20,20,49,83210.44,0.608028155513917,30,Fan-in; ,Low
A0131,54072.15,27,25,33037.31,23,23,50,87109.45999999999,0.610985692264872,30,Fan-in; ,Low
A0136,38221.28,25,25,42210.45,22,22,47,80431.73,1.1043703926189807,30,Fan-in; ,Low
A0138,37134.55,27,26,36209.68,21,21,48,73344.23000000001,0.975094083542146,30,Fan-in; ,Low
A0171,62334.18,35,33,41258.58,21,21,56,103592.76,0.6618933625179637,30,Fan-in; ,Low
A0941,74184.12,33,32,31042.78,18,18,51,105226.9,0.4184558635999187,30,Fan-in; ,Low
A1122,52116.37,31,31,47433.11,22,22,53,99549.48,0.9101384075675264,30,Fan-in; ,Low
A1123,82693.85,28,27,29331.08,24,24,52,112024.93,0.354694817087365,30,Fan-in; ,Low
A1124,33592.17,26,26,42394.09,17,17,43,75986.26,1.2620229654708224,30,Fan-in; ,Low
A1125,42571.59,27,27,43234.11,22,22,49,85805.7,1.0155624913234391,30,Fan-in; ,Low
A1131,66150.2,32,32,27458.39,24,24,56,93608.59,0.4150915643490118,30,Fan-in; ,Low
A0914,53951.08,27,27,28582.52,20,20,47,82533.6,0.5297858726831789,30,Fan-in; ,Low
A0927,45711.4,27,27,20700.44,13,13,40,66411.84,0.4528507112011445,30,Fan-in; ,Low
A0906,40696.42,25,25,22172.28,18,17,43,62868.7,0.5448213872375015,30,Fan-in; ,Low
A0908,44473.41,29,27,38074.29,24,24,53,82547.70000000001,0.8561135743807367,30,Fan-in; ,Low
A0909,47586.68,37,35,20750.27,18,16,55,68336.95,0.436052063308472,30,Fan-in; ,Low
A1137,43442.94,34,34,53196.23,24,24,58,96639.17,1.224508055854415,30,Fan-in; ,Low
A1140,40022.45,25,25,26654.29,19,19,44,66676.74,0.6659834667792701,30,Fan-in; ,Low
A1147,37908.0,25,25,18984.63,17,17,42,56892.630000000005,0.5008080088635645,30,Fan-in; ,Low
A0172,44505.68,31,31,36321.67,20,20,51,80827.35,0.8161131343235289,30,Fan-in; ,Low
A0174,62326.74,30,30,28833.29,16,16,46,91160.03,0.4626150830285684,30,Fan-in; ,Low
A1859,44052.76,25,25,26619.91,24,24,49,70672.67,0.6042733758338864,30,Fan-in; ,Low
A1862,42498.49,30,30,36598.73,20,20,50,79097.22,0.861177185354115,30,Fan-in; ,Low
A1863,34128.95,25,25,24220.49,19,19,44,58349.44,0.7096758030938545,30,Fan-in; ,Low
A1870,29379.34,27,26,42907.17,22,21,49,72286.51,1.460453842734384,30,Fan-in; ,Low
A1872,64107.2,31,31,52044.56,22,22,53,116151.76,0.811836423989817,30,Fan-in; ,Low
A0151,86123.21,38,38,46066.05,18,18,56,132189.26,0.5348854275171582,30,Fan-in; ,Low
A0152,41938.89,32,32,30202.49,22,22,54,72141.38,0.7201547298939004,30,Fan-in; ,Low
A0189,39866.19,29,29,32515.45,22,22,51,72381.64,0.8156146850250802,30,Fan-in; ,Low
A0887,58199.94,33,33,28303.92,19,19,52,86503.86,0.4863221508475783,30,Fan-in; ,Low
A0888,51431.27,28,28,32429.43,22,22,50,83860.7,0.6305391642088559,30,Fan-in; ,Low
A0890,60843.76,29,29,33130.81,19,19,48,93974.57,0.544522725091283,30,Fan-in; ,Low
A0895,42602.61,25,25,31182.62,21,21,46,73785.23,0.7319415406708649,30,Fan-in; ,Low
A1160,45871.45,25,25,60346.5,22,22,47,106217.95,1.3155568441808576,30,Fan-in; ,Low
A1165,52900.51,30,30,45448.04,24,24,54,98348.55,0.859122908266858,30,Fan-in; ,Low
A1168,39546.91,30,29,61201.46,23,23,53,100748.37,1.5475661688865197,30,Fan-in; ,Low
A0923,41709.19,28,25,36530.29,23,23,51,78239.48000000001,0.8758331197513066,30,Fan-in; ,Low
A0190,73475.16,32,30,44472.6,17,17,49,117947.76,0.6052739456436705,30,Fan-in; ,Low
A1842,47470.85,35,35,50958.83,20,19,55,98429.68,1.0734762491086636,30,Fan-in; ,Low
A1845,72879.13,34,34,35466.73,24,24,58,108345.86,0.4866513911458602,30,Fan-in; ,Low
A1847,69766.02,32,32,44941.69,22,22,54,114707.71,0.6441773516677604,30,Fan-in; ,Low
A1851,51524.55,29,28,24255.1,19,19,48,75779.65,0.4707484102238641,30,Fan-in; ,Low
A1853,48294.31,31,29,22326.73,20,20,51,70621.04,0.4623056008047325,30,Fan-in; ,Low
A0164,61815.07,25,25,20693.71,18,18,43,82508.78,0.3347680428089784,30,Fan-in; ,Low
A0167,26646.14,25,25,53586.95,24,24,49,80233.09,2.011058637386128,30,Fan-in; ,Low
A0168,38035.61,29,29,25252.88,20,19,49,63288.490000000005,0.6639273039133591,30,Fan-in; ,Low
A0867,52859.12,25,25,35403.55,23,23,48,88262.67000000001,0.6697718388047323,30,Fan-in; ,Low
A0873,54083.88,25,25,26516.98,19,19,44,80600.86,0.4902935957997096,30,Fan-in; ,Low
A0879,61318.55,33,33,42231.8,21,21,54,103550.35,0.6887279624192026,30,Fan-in; ,Low
A1174,28160.35,26,25,44079.84,24,24,50,72240.19,1.5653157719985724,30,Fan-in; ,Low
A1179,32407.98,25,25,34557.33,20,20,45,66965.31,1.066321628191575,30,Fan-in; ,Low
A1181,63485.21,32,32,42244.23,20,20,52,105729.44,0.6654184494309776,30,Fan-in; ,Low
A1183,43084.27,25,25,25674.48,19,19,44,68758.75,0.5959130791817989,30,Fan-in; ,Low
A1826,38222.75,25,25,54770.61,24,24,49,92993.36,1.43293221968592,30,Fan-in; ,Low
A1827,44601.87,25,25,67948.41,24,23,49,112550.28,1.523443075368813,30,Fan-in; ,Low
A1831,39858.95,29,29,56403.58,21,21,50,96262.53,1.4150794238182391,30,Fan-in; ,Low
A1834,42781.81,27,27,35437.46,21,21,48,78219.26999999999,0.8283300776661857,30,Fan-in; ,Low
A0180,50847.01,33,33,26386.93,21,20,54,77233.94,0.5189475251347129,30,Fan-in; ,Low
A0183,85263.95,37,37,32469.5,22,22,59,117733.45,0.3808115856701455,30,Fan-in; ,Low
A0184,48819.71,26,26,29700.26,19,19,45,78519.97,0.6083661701390688,30,Fan-in; ,Low
A0185,52772.81,25,25,25574.6,16,16,41,78347.41,0.4846169836322909,30,Fan-in; ,Low
A0187,49611.91,31,31,27984.29,22,22,53,77596.2,0.5640639515793687,30,Fan-in; ,Low
A0222,64322.75,30,30,29243.480000000003,18,18,48,93566.23,0.4546366565484219,30,Fan-in; ,Low
A0860,41491.35,30,30,32128.33,15,15,45,73619.68,0.7743380246726125,30,Fan-in; ,Low
A1186,35880.78,29,29,32149.32,22,22,51,68030.1,0.8960039330248674,30,Fan-in; ,Low
A1187,72073.56,29,28,34531.32,23,23,52,106604.88,0.4791121737291733,30,Fan-in; ,Low
A1191,69604.93,38,38,45124.22,21,21,59,114729.15,0.648290573670572,30,Fan-in; ,Low
A1193,40714.89,27,27,37943.23,24,24,51,78658.12,0.931925150724956,30,Fan-in; ,Low
A1194,42714.91,32,32,41401.8,23,23,55,84116.70999999999,0.9692587436096672,30,Fan-in; ,Low
A1198,41879.49,26,26,38134.45,22,22,48,80013.94,0.9105757973652496,30,Fan-in; ,Low
A0834,59556.17,25,25,29970.05,24,24,49,89526.22,0.5032232596555487,30,Fan-in; ,Low
A0841,55865.47,25,25,86455.96,24,24,49,142321.43,1.5475741992325494,30,Fan-in; ,Low
A0224,58152.24,25,25,35218.56,20,20,45,93370.8,0.6056268855679506,30,Fan-in; ,Low
A0193,44669.15,28,28,33785.97,19,19,47,78455.12,0.7563602620600571,30,Fan-in; ,Low
A0203,63568.69,32,32,40045.96,22,22,54,103614.65,0.6299635874201591,30,Fan-in; ,Low
A0205,81731.41,30,30,53734.01,24,24,54,135465.42,0.6574462620918934,30,Fan-in; ,Low
A0207,89822.31,36,36,68057.87000000001,24,24,60,157880.18,0.7576944970575797,30,Fan-in; ,Low
A0208,58611.59,33,33,30720.56,20,20,53,89332.15,0.5241379733939995,30,Fan-in; ,Low
A1813,42208.32,27,27,33817.8,21,21,48,76026.12,0.80121170423272,30,Fan-in; ,Low
A1203,35491.29,26,26,50197.63,20,20,46,85688.92,1.4143647638617811,30,Fan-in; ,Low
A1205,28668.63,29,29,35252.92,21,21,50,63921.55,1.229668805241129,30,Fan-in; ,Low
A1209,54566.03,34,34,29904.54,21,21,55,84470.57,0.548043168982607,30,Fan-in; ,Low
A1210,75413.48999999999,37,37,25697.94,21,21,58,101111.43,0.3407605191060645,30,Fan-in; ,Low
A1211,30729.77,28,28,48569.15,20,20,48,79298.92,1.580524357975995,30,Fan-in; ,Low
A0817,51234.45,26,26,34772.98,15,15,41,86007.43,0.6787030991842401,30,Fan-in; ,Low
A1797,57720.41,25,25,23534.47,18,18,43,81254.88,0.4077322042584244,30,Fan-in; ,Low
A1800,57195.5,26,26,36696.38,21,21,47,93891.88,0.6415955800718588,30,Fan-in; ,Low
A1801,38474.19,27,26,39949.61,22,22,49,78423.8,1.0383483057083205,30,Fan-in; ,Low
A1802,55724.22,28,28,37784.51,23,23,51,93508.73,0.6780626090414545,30,Fan-in; ,Low
A1805,43372.53,28,27,23294.84,18,18,46,66667.37,0.5370874145455661,30,Fan-in; ,Low
A1808,33207.05,25,25,35595.37,16,16,41,68802.42000000001,1.071922076787911,30,Fan-in; ,Low
A0211,65834.7,29,29,35477.45,23,22,52,101312.15,0.5388867876666864,30,Fan-in; ,Low
A0212,57659.02,36,35,36092.96,20,20,56,93751.98,0.625972484443891,30,Fan-in; ,Low
A0215,47623.47,29,29,32949.2,22,22,51,80572.67,0.6918689461309727,30,Fan-in; ,Low
A0218,46465.3,25,25,32940.05,19,19,44,79405.35,0.7089171919690608,30,Fan-in; ,Low
A0219,58682.67,32,32,48045.49,21,21,53,106728.16,0.8187338783323935,30,Fan-in; ,Low
A0236,54578.32,28,28,68676.18000000001,20,20,48,123254.5,1.2583051292161431,30,Fan-in; ,Low
A0801,47301.28,29,29,49900.12,24,24,53,97201.4,1.054942276403514,30,Fan-in; ,Low
A0807,48795.03,25,25,41787.96,21,21,46,90582.99,0.8563978749475101,30,Fan-in; ,Low
A0809,78134.06,32,32,40999.45,24,24,56,119133.51,0.5247321078669148,30,Fan-in; ,Low
A0811,48747.87,25,25,35573.32,17,17,42,84321.19,0.7297410122739721,30,Fan-in; ,Low
A0813,70621.7,31,31,24922.77,18,17,49,95544.47,0.3529052684939615,30,Fan-in; ,Low
A1218,32111.72,26,26,43326.78,17,16,43,75438.5,1.3492513013940082,30,Fan-in; ,Low
A1232,61955.79,32,32,54069.34,23,22,55,116025.13,0.8727084264440821,30,Fan-in; ,Low
A0847,88678.81,31,31,47521.2,24,24,55,136200.01,0.5358799920747696,30,Fan-in; ,Low
A0237,50989.91,28,27,33667.4,20,20,48,84657.31,0.6602757290609064,30,Fan-in; ,Low
A0238,52394.42,27,26,23387.72,18,18,45,75782.14,0.4463780685042415,30,Fan-in; ,Low
A0240,54479.2,27,27,44484.39,23,22,50,98963.59,0.8165389726721392,30,Fan-in; ,Low
A1780,76999.55,34,34,34955.67,24,24,58,111955.22,0.4539723933451559,30,Fan-in; ,Low
A1784,51797.13,30,29,31720.07,23,23,53,83517.2,0.6123904934501198,30,Fan-in; ,Low
A1785,37474.69,25,25,38786.46,23,22,48,76261.15,1.0350041588069174,30,Fan-in; ,Low
A1786,60666.15,34,34,35721.85,18,18,52,96388.0,0.5888267180297414,30,Fan-in; ,Low
A1789,55769.97,31,31,22124.71,14,14,45,77894.68,0.3967136794228148,30,Fan-in; ,Low
A1791,66319.01,35,35,40201.08,24,24,59,106520.09,0.6061773238171078,30,Fan-in; ,Low
A0790,57032.87,32,31,43427.78,23,23,55,100460.65,0.7614517733370247,30,Fan-in; ,Low
A0795,44475.95,27,27,28869.58,18,18,45,73345.53,0.6491054153986592,30,Fan-in; ,Low
A0796,39031.13,26,26,51075.08,24,24,50,90106.21,1.3085729262770514,30,Fan-in; ,Low
A0800,63487.66,31,30,27151.03,22,22,53,90638.69,0.4276583827471354,30,Fan-in; ,Low
A1234,36962.17,28,28,43728.27,21,21,49,80690.44,1.183054728659059,30,Fan-in; ,Low
A1235,57152.67,28,27,37365.76,21,21,49,94518.43,0.6537885281650009,30,Fan-in; ,Low
A1247,32992.68,25,25,32685.14,24,24,49,65677.82,0.99067853839094,30,Fan-in; ,Low
A0769,87022.79000000001,37,36,25435.11,20,20,57,112457.9,0.2922810220173359,30,Fan-in; ,Low
A0771,68673.45,33,33,47726.55,24,24,57,116400.0,0.6949781902613019,30,Fan-in; ,Low
A0772,78860.45999999999,37,37,16775.85,16,16,53,95636.31,0.2127282797995345,30,Fan-in; ,Low
A0777,51775.9,28,27,38012.43,21,21,49,89788.33,0.7341722693376648,30,Fan-in; ,Low
A0781,54063.96,25,25,46146.99,25,24,50,100210.95,0.8535628910645835,30,Fan-in; ,Low
A0782,42211.28,26,26,21010.12,14,13,40,63221.4,0.4977370977615462,30,Fan-in; ,Low
A0784,47963.71,32,32,38370.4,23,23,55,86334.11,0.7999881577134046,30,Fan-in; ,Low
A1250,39955.25,27,27,33948.25,23,23,50,73903.5,0.8496568035489704,30,Fan-in; ,Low
A1254,82785.72,27,27,30829.13,22,22,49,113614.85,0.3723967128630396,30,Fan-in; ,Low
A1259,54550.16,27,27,29864.66,19,19,46,84414.82,0.547471538121978,30,Fan-in; ,Low
A1260,40605.32,25,25,40481.07,23,23,48,81086.39,0.996940056130576,30,Fan-in; ,Low
A0753,89999.23999999999,27,27,25284.88,22,21,49,115284.12,0.2809454835396388,30,Fan-in; ,Low
A0755,26643.92,25,25,38671.99,21,20,46,65315.91,1.4514377013592592,30,Fan-in; ,Low
A0760,79912.16,33,31,29101.78,17,17,50,109013.94,0.3641721109778537,30,Fan-in; ,Low
A0786,39883.21,25,25,39369.31,22,22,47,79252.51999999999,0.987114878666988,30,Fan-in; ,Low
A0249,44699.47,28,27,34436.56,19,19,47,79136.03,0.7704019756833805,30,Fan-in; ,Low
A0251,38616.55,25,25,16273.78,17,17,42,54890.33,0.421419831652491,30,Fan-in; ,Low
A0256,52069.31,26,25,54693.83,24,24,50,106763.14,1.0504043552718485,30,Fan-in; ,Low
A1766,43312.62,31,31,35179.89,17,17,48,78492.51000000001,0.812231862214754,30,Fan-in; ,Low
A1768,54852.37,31,31,19371.44,20,20,51,74223.81,0.3531559347390094,30,Fan-in; ,Low
A1769,47837.53,25,25,46725.26,23,22,48,94562.79,0.9767490085713038,30,Fan-in; ,Low
A1776,51120.78,31,31,40588.74,22,22,53,91709.52,0.7939773219422708,30,Fan-in; ,Low
A0228,68384.56,43,42,48920.85,23,23,66,117305.41,0.7153785883831087,30,Fan-in; ,Low
A0230,42619.5,29,29,36604.77,21,20,50,79224.26999999999,0.8588737549713159,30,Fan-in; ,Low
A1266,53751.21,26,26,70434.55,22,20,48,124185.76,1.310380733754645,30,Fan-in; ,Low
A1269,45104.03,33,32,24707.01,20,20,53,69811.04,0.547778324907996,30,Fan-in; ,Low
A1271,63315.01,25,25,26282.9,20,20,45,89597.91,0.4151132567143241,30,Fan-in; ,Low
A1274,48745.28,29,29,25714.28,17,17,46,74459.56,0.5275234853507867,30,Fan-in; ,Low
A1276,42747.59,26,25,72425.18,24,23,50,115172.77,1.6942517695149597,30,Fan-in; ,Low
A1278,77540.88,30,30,43345.91,23,22,53,120886.79,0.5590071972358323,30,Fan-in; ,Low
A0737,38320.62,27,27,33426.54,21,20,48,71747.16,0.8722859911974284,30,Fan-in; ,Low
A0741,30192.61,25,25,48010.8,24,24,49,78203.41,1.5901507024401005,30,Fan-in; ,Low
A0742,91219.68,40,40,49261.36,24,24,64,140481.04,0.5400299584475631,30,Fan-in; ,Low
A0773,32897.97,25,25,43128.18,20,20,45,76026.15,1.3109678195949477,30,Fan-in; ,Low
A0261,38965.61,27,27,45431.23,20,20,47,84396.84,1.1659314457030183,30,Fan-in; ,Low
A0264,49768.71,31,31,36812.76,20,20,51,86581.47,0.739676796927226,30,Fan-in; ,Low
A0272,31985.4,27,27,38502.3,23,23,50,70487.70000000001,1.2037460841508938,30,Fan-in; ,Low
A1749,34994.17,31,31,43816.5,23,23,54,78810.67,1.252108565512484,30,Fan-in; ,Low
A1753,43028.63,34,34,49791.6,22,21,56,92820.23,1.1571737236347055,30,Fan-in; ,Low
A1758,56491.69,40,40,46303.74,21,21,61,102795.43,0.8196557759203167,30,Fan-in; ,Low
A0749,47116.95,35,35,28673.93,24,24,59,75790.88,0.6085693152888717,30,Fan-in; ,Low
A0750,42793.36,27,27,25509.57,20,20,47,68302.93,0.5961104713441524,30,Fan-in; ,Low
A1287,68968.17,31,31,36333.83,24,24,55,105302.0,0.5268202708582814,30,Fan-in; ,Low
A1291,56300.0,27,27,52055.36,20,20,47,108355.36,0.9246067495559502,30,Fan-in; ,Low
A0723,50670.0,25,25,45341.58,24,24,49,96011.58,0.8948407341622262,30,Fan-in; ,Low
A0724,56973.93,31,31,59181.25,20,20,51,116155.18,1.0387426319370985,30,Fan-in; ,Low
A0767,31019.24,27,26,44281.32,22,22,49,75300.56,1.4275436793422405,30,Fan-in; ,Low
A1738,40135.4,29,29,27566.52,18,18,47,67701.92,0.686838053189952,30,Fan-in; ,Low
A0276,46785.17,26,26,33020.86,22,22,48,79806.03,0.705797585003966,30,Fan-in; ,Low
A0279,40989.4,27,27,33313.52,19,19,46,74302.92,0.812734999780431,30,Fan-in; ,Low
A0280,58520.73,27,27,40826.11,23,23,50,99346.84,0.6976350089959574,30,Fan-in; ,Low
A0282,45952.99,26,26,51815.38,18,18,44,97768.37,1.1275736355784465,30,Fan-in; ,Low
A0284,60457.34,29,29,43311.5,19,19,48,103768.84,0.7163977111794861,30,Fan-in; ,Low
A0285,62418.42,29,29,54580.62,24,24,53,116999.04,0.8744312976842413,30,Fan-in; ,Low
A0301,42181.55,29,28,50451.65,25,24,54,92633.2,1.1960596516723545,30,Fan-in; ,Low
A0731,57901.11,30,30,52763.61,22,22,52,110664.72,0.9112711310715804,30,Fan-in; ,Low
A0734,53999.86,27,27,22121.07,14,14,41,76120.93,0.4096505065013131,30,Fan-in; ,Low
A0736,68504.77,32,32,31350.34,19,19,51,99855.11,0.4576373294881509,30,Fan-in; ,Low
A1304,75111.65,30,29,40979.29,21,21,51,116090.94,0.5455783490310758,30,Fan-in; ,Low
A1308,55493.62,32,32,59502.81,19,19,51,114996.43,1.0722459626890442,30,Fan-in; ,Low
A1310,39070.81,33,33,26602.47,19,18,52,65673.28,0.680878384655962,30,Fan-in; ,Low
A0711,49810.37,29,28,32420.15,22,22,51,82230.52,0.65087149523282,30,Fan-in; ,Low
A1714,45785.81,29,29,41901.25,19,19,48,87687.06,0.9151579932734618,30,Fan-in; ,Low
A1715,54020.45,27,27,28552.21,22,22,49,82572.66,0.5285444678820705,30,Fan-in; ,Low
A1724,46117.22,29,29,46479.18,23,23,52,92596.4,1.0078486951294985,30,Fan-in; ,Low
A1731,61459.2,39,38,28566.59,19,19,58,90025.79,0.4648057573154223,30,Fan-in; ,Low
A1734,77693.56,29,29,34363.15,23,23,52,112056.71,0.4422908410941654,30,Fan-in; ,Low
A1735,39392.59,26,26,54332.0,24,24,50,93724.59,1.3792441674944451,30,Fan-in; ,Low
A1698,60606.48,26,26,28808.74,15,15,41,89415.22,0.4753409206408291,30,Fan-in; ,Low
A0715,45859.83,25,25,53026.19,24,22,49,98886.02,1.1562666063088327,30,Fan-in; ,Low
A0719,52371.59,29,29,36190.05,22,22,51,88561.64,0.6910244657456458,30,Fan-in; ,Low
A1314,53443.52,31,31,35612.81,24,24,55,89056.32999999999,0.6663634805491854,30,Fan-in; ,Low
A1319,59979.33,27,27,42503.29,18,18,45,102482.62,0.7086322904907407,30,Fan-in; ,Low
A1325,64993.29,33,33,39703.44,21,21,54,104696.73,0.6108852159969129,30,Fan-in; ,Low
A0693,44161.72,25,25,23137.02,17,17,42,67298.74,0.5239157351661122,30,Fan-in; ,Low
A0725,94665.26,43,43,23504.7,18,18,61,118169.96,0.2482927739278379,30,Fan-in; ,Low
A0290,53806.3,29,29,41895.64,18,18,47,95701.94,0.778638189208327,30,Fan-in; ,Low
A0292,54932.62,27,27,42730.34,19,19,46,97662.96,0.7778682320267994,30,Fan-in; ,Low
A0294,95043.99,33,32,39530.84,22,22,55,134574.83000000002,0.415921511712629,30,Fan-in; ,Low
A0298,50145.97,26,26,40638.54,19,19,45,90784.51,0.8104049039234857,30,Fan-in; ,Low
A0305,57924.44,32,32,55581.96,22,22,54,113506.4,0.9595597298825848,30,Fan-in; ,Low
A0309,46397.24,29,29,39236.41,19,19,48,85633.65,0.8456625868262855,30,Fan-in; ,Low
A0310,44519.29,26,26,35533.34,22,22,48,80052.63,0.798156035282683,30,Fan-in; ,Low
A0319,61892.82,35,34,40715.07,20,20,55,102607.89,0.6578318777525406,30,Fan-in; ,Low
A1684,70084.16,29,28,28057.62,23,23,52,98141.78,0.4003418176090003,30,Fan-in; ,Low
A1685,75939.67,39,38,24417.82,13,13,52,100357.49,0.3215423506580948,30,Fan-in; ,Low
A1689,53266.52,32,32,46655.19,22,22,54,99921.71,0.8758820737679127,30,Fan-in; ,Low
A1692,66519.56,26,26,32031.37,24,23,50,98550.93,0.4815331009405353,30,Fan-in; ,Low
A0696,58962.44,28,28,35906.21,18,18,46,94868.65,0.6089675054153119,30,Fan-in; ,Low
A1331,47384.14,26,26,20824.7,12,12,38,68208.84,0.4394867143309977,30,Fan-in; ,Low
A1332,42753.87,25,25,39650.62,22,21,47,82404.48999999999,0.9274159274938152,30,Fan-in; ,Low
A1337,67948.58,26,26,36133.21,22,22,48,104081.79,0.5317728494105395,30,Fan-in; ,Low
A1341,39787.46,26,26,72306.74,19,19,45,112094.2,1.8173248556203387,30,Fan-in; ,Low
A1344,47896.68,30,30,50441.19,23,23,53,98337.87,1.053124976511942,30,Fan-in; ,Low
A0676,57186.99,28,28,64084.02,23,23,51,121271.01,1.1206048788369525,30,Fan-in; ,Low
A0350,100460.0,32,31,24787.46,23,23,55,125247.46,0.2467395978498905,30,Fan-in; ,Low
A0323,51814.62,25,25,23877.01,21,21,46,75691.63,0.4608160785508028,30,Fan-in; ,Low
A0332,38449.03,30,30,38173.17,23,23,53,76622.2,0.9928253066462276,30,Fan-in; ,Low
A1666,70223.14,32,32,26900.45,21,21,53,97123.59,0.3830710218882266,30,Fan-in; ,Low
A1674,62949.34,29,29,29187.71,23,23,52,92137.05,0.4636698335518688,30,Fan-in; ,Low
A1676,35408.73,27,27,44351.7,25,24,52,79760.43,1.2525639863389622,30,Fan-in; ,Low
A0361,52843.44,32,32,39082.82,21,20,53,91926.26,0.7395964380820023,30,Fan-in; ,Low
A0679,38933.89,27,27,64085.97,22,22,49,103019.86,1.6460202152931545,30,Fan-in; ,Low
A0681,67625.62,32,32,35127.32,20,20,52,102752.94,0.5194380472962762,30,Fan-in; ,Low
A0682,33967.02,28,28,26305.31,16,16,44,60272.33,0.7744367919234599,30,Fan-in; ,Low
A0686,38491.73,26,25,46664.75,23,23,49,85156.48000000001,1.2123318437492936,30,Fan-in; ,Low
A0687,31832.25,25,25,43780.21,23,22,48,75612.45999999999,1.3753413597844952,30,Fan-in; ,Low
A1345,56035.93,34,34,48718.82,20,20,54,104754.75,0.8694211017823743,30,Fan-in; ,Low
A1346,60743.62,30,30,41594.3,24,23,54,102337.92,0.684751748414072,30,Fan-in; ,Low
A1348,63701.32,35,34,40670.94,23,23,58,104372.26,0.6384630648156114,30,Fan-in; ,Low
A1349,61366.2,30,30,38174.93,20,20,50,99541.13,0.6220839810840496,30,Fan-in; ,Low
A1354,64105.84,33,33,28968.75,20,20,53,93074.59,0.4518894066437629,30,Fan-in; ,Low
A0695,50785.03,26,26,30926.27,21,21,47,81711.3,0.6089642951869872,30,Fan-in; ,Low
A0362,47928.69,25,25,36524.57,23,23,48,84453.26000000001,0.7620606780615118,30,Fan-in; ,Low
A1654,43174.8,28,28,42872.67,17,17,45,86047.47,0.9930021679312931,30,Fan-in; ,Low
A1657,59652.12,33,33,49197.0,21,20,54,108849.12,0.8247317949471034,30,Fan-in; ,Low
A1659,43816.83,26,26,53959.36,23,23,49,97776.19,1.2314756681393884,30,Fan-in; ,Low
A1663,36832.48,27,26,30665.74,15,15,42,67498.22,0.8325733157256855,30,Fan-in; ,Low
A0337,68453.28,27,26,34326.79,14,14,41,102780.07,0.5014630416541034,30,Fan-in; ,Low
A0338,38419.21,25,25,41065.22,21,21,46,79484.43,1.0688720564530088,30,Fan-in; ,Low
A0340,50792.41,25,25,41923.85,23,23,48,92716.26,0.8253959597506794,30,Fan-in; ,Low
A0341,61563.93,33,33,26490.72,21,21,54,88054.65,0.4302961165734546,30,Fan-in; ,Low
A0345,50664.310000000005,29,29,36397.36,24,24,53,87061.67000000001,0.7184023625309414,30,Fan-in; ,Low
A0667,51522.91,26,26,44836.76,19,19,45,96359.67,0.8702295736013359,30,Fan-in; ,Low
A0669,57200.56,29,29,17612.57,19,19,48,74813.13,0.3079090484428823,30,Fan-in; ,Low
A0670,34848.65,28,28,23811.64,25,24,53,58660.29,0.6832873009427911,30,Fan-in; ,Low
A1362,51910.34,27,25,29159.12,18,18,45,81069.45999999999,0.5617208440553462,30,Fan-in; ,Low
A1372,41781.03,29,29,26332.56,24,24,53,68113.59,0.6302515758946106,30,Fan-in; ,Low
A0374,61678.68,32,32,34917.21,20,20,52,96595.89,0.5661147417551737,30,Fan-in; ,Low
A0378,39139.58,27,27,43339.1,22,22,49,82478.68,1.107295990401532,30,Fan-in; ,Low
A1639,61919.94,26,26,29423.85,22,22,48,91343.79,0.4751918364261981,30,Fan-in; ,Low
A1640,57857.17,28,28,23488.54,19,19,47,81345.70999999999,0.4059745749748907,30,Fan-in; ,Low
A1645,42704.4,27,27,23276.69,19,19,46,65981.09,0.5450653796798457,30,Fan-in; ,Low
A0353,32820.590000000004,26,26,50087.23,23,23,49,82907.82,1.526091700362486,30,Fan-in; ,Low
A1384,43255.98,29,29,40793.37,24,24,53,84049.35,0.9430689120903052,30,Fan-in; ,Low
A0641,40455.23,26,26,25139.51,17,17,43,65594.74,0.6214155746982528,30,Fan-in; ,Low
A0642,44903.42,25,25,28249.23,20,20,45,73152.65,0.6291108784141609,30,Fan-in; ,Low
A0648,44476.58,30,30,18285.44,17,17,47,62762.02,0.4111251359704365,30,Fan-in; ,Low
A0652,62595.55,27,26,39457.7,24,24,51,102053.25,0.6303595063866361,30,Fan-in; ,Low
A0654,55057.95,38,38,42238.52,23,23,61,97296.47,0.7671647782018765,30,Fan-in; ,Low
A0659,41045.62,26,26,32627.1,20,20,46,73672.72,0.7948984568877263,30,Fan-in; ,Low
A0388,77279.4,32,32,36719.29,23,23,55,113998.69,0.4751497811836013,30,Fan-in; ,Low
A0390,60422.4,31,30,34802.32,23,23,54,95224.72,0.5759837411291177,30,Fan-in; ,Low
A0394,47543.72,29,29,54924.25,24,23,53,102467.97,1.1552366958243907,30,Fan-in; ,Low
A0398,47877.74,30,30,37370.61,22,22,52,85248.35,0.7805424817462144,30,Fan-in; ,Low
A1617,67910.62,31,31,24753.98,18,17,49,92664.6,0.3645082315549468,30,Fan-in; ,Low
A1619,52686.6,28,27,29924.13,20,19,48,82610.73,0.5679647196820444,30,Fan-in; ,Low
A1621,38737.99,30,30,40845.91,24,24,54,79583.9,1.054414800561413,30,Fan-in; ,Low
A1627,53722.07,32,32,27095.93,20,20,52,80818.0,0.5043724115619521,30,Fan-in; ,Low
A1632,53986.53,29,29,46228.5,24,24,53,100215.03,0.8562969318457772,30,Fan-in; ,Low
A0631,49066.58,29,28,27766.58,12,12,41,76833.16,0.5658959723706033,30,Fan-in; ,Low
A1394,49479.56,28,27,42056.93,20,20,48,91536.49,0.8499859335855049,30,Fan-in; ,Low
A1397,46355.01,30,30,32550.92,24,24,54,78905.93,0.7022093189064137,30,Fan-in; ,Low
A1398,40270.87,28,28,35134.59,24,24,52,75405.45999999999,0.8724566914000118,30,Fan-in; ,Low
A1399,43722.56,26,26,44110.84,24,24,50,87833.4,1.0088805413040771,30,Fan-in; ,Low
A1403,46388.68,31,31,56333.22,21,20,52,102721.9,1.2143742826913808,30,Fan-in; ,Low
A0610,45780.99,27,27,22382.43,21,21,48,68163.42,0.4889022714449819,30,Fan-in; ,Low
A0405,64494.69,29,29,63150.63,24,24,53,127645.32,0.9791601448119216,30,Fan-in; ,Low
A0406,75339.77,35,35,37337.7,24,24,59,112677.47,0.4955908413312118,30,Fan-in; ,Low
A0407,51855.0,30,30,49674.33,22,22,52,101529.33,0.95794677466011,30,Fan-in; ,Low
A0408,89840.48,33,32,31706.39,22,22,55,121546.87,0.3529187511019531,30,Fan-in; ,Low
A0409,51361.93,32,31,13574.84,17,17,49,64936.77,0.2642977006510464,30,Fan-in; ,Low
A0410,59553.12,28,28,54563.6,24,24,52,114116.72,0.9162173199321882,30,Fan-in; ,Low
A0413,55137.24,26,26,50797.64,23,23,49,105934.88,0.9212945733228576,30,Fan-in; ,Low
A0414,51126.16,27,27,33471.590000000004,21,21,48,84597.75,0.6546861724017607,30,Fan-in; ,Low
A1602,103604.5,32,32,27679.69,18,18,50,131284.19,0.267166870164906,30,Fan-in; ,Low
A1612,62864.26,34,34,28490.14,18,18,52,91354.4,0.4532009125693995,30,Fan-in; ,Low
A1588,44132.17,27,27,31541.58,19,19,46,75673.75,0.7147072079165833,30,Fan-in; ,Low
A0616,61627.24,30,30,36101.96,20,20,50,97729.2,0.5858117287095771,30,Fan-in; ,Low
A1409,67952.1,38,38,47273.81,24,24,62,115225.91,0.6956931426696157,30,Fan-in; ,Low
A1410,57913.25,28,28,45646.380000000005,24,24,52,103559.63,0.7881854325219186,30,Fan-in; ,Low
A1412,62157.5,32,32,57792.67,25,24,57,119950.17,0.9297779029079356,30,Fan-in; ,Low
A1415,57062.83,27,27,30168.5,18,18,45,87231.33,0.5286891659596974,30,Fan-in; ,Low
A1417,27007.62,27,27,32132.62,24,24,51,59140.24,1.1897612599703342,30,Fan-in; ,Low
A1419,108364.56,36,36,40492.68,22,22,58,148857.24,0.3736708754227397,30,Fan-in; ,Low
A1424,31906.91,25,25,33725.51,23,23,48,65632.42,1.05699705800405,30,Fan-in; ,Low
A1596,42944.71,25,25,61878.99,23,23,48,104823.7,1.4408990071186882,30,Fan-in; ,Low
A1600,38967.59,28,28,48588.77,23,23,51,87556.36000000002,1.2469021050570486,30,Fan-in; ,Low
A0417,63721.83,32,32,39493.02,14,14,46,103214.85,0.6197722193477495,30,Fan-in; ,Low
A0419,60320.51,29,29,30371.43,24,24,53,90691.94,0.5035008822040795,30,Fan-in; ,Low
A0422,62456.1,28,28,26430.25,24,24,52,88886.35,0.4231812425047353,30,Fan-in; ,Low
A0423,42560.04,26,26,60301.69,23,23,49,102861.73,1.416861685280371,30,Fan-in; ,Low
A0424,32048.48,27,26,28999.8,14,14,41,61048.28,0.9048728676055776,30,Fan-in; ,Low
A0425,63398.46,29,29,43695.53,20,20,49,107093.99,0.689220684540287,30,Fan-in; ,Low
A0429,59928.18,28,28,20283.19,17,17,45,80211.37,0.3384583012532668,30,Fan-in; ,Low
A1428,52757.65,32,31,29792.72,16,16,48,82550.37,0.5647090042865821,30,Fan-in; ,Low
A1430,44768.25,28,28,35166.41,19,19,47,79934.66,0.7855212120196791,30,Fan-in; ,Low
A1432,50519.96,25,25,36062.86,20,20,45,86582.82,0.713833898522485,30,Fan-in; ,Low
A1434,53551.57,29,29,46212.9,23,23,52,99764.47,0.8629606937761115,30,Fan-in; ,Low
A1435,64667.09,39,39,15519.49,15,15,54,80186.58,0.2399905423299548,30,Fan-in; ,Low
A1437,50880.87,25,25,35133.56,22,22,47,86014.43,0.6905062747551289,30,Fan-in; ,Low
A1438,32467.01,27,27,45289.72,24,24,51,77756.73,1.3949458234681913,30,Fan-in; ,Low
A0594,50245.83,26,26,42830.49,24,24,50,93076.32,0.8524187977390362,30,Fan-in; ,Low
A0595,49182.72,27,27,45888.4,23,23,50,95071.12,0.93301875130127,30,Fan-in; ,Low
A0603,59014.67,26,26,23743.38,20,20,46,82758.05,0.4023301324907858,30,Fan-in; ,Low
A0607,77855.48,32,32,28508.62,23,23,55,106364.1,0.3661735821293504,30,Fan-in; ,Low
A0581,61542.17,31,31,55648.3,24,24,55,117190.47,0.9042303838164952,30,Fan-in; ,Low
A1445,55473.43,25,25,39629.94,17,17,42,95103.37,0.7143949815253897,30,Fan-in; ,Low
A1447,46949.06,31,31,46428.97,23,23,54,93378.03,0.9889222489225558,30,Fan-in; ,Low
A1450,58286.03,26,26,44201.39,19,19,45,102487.42,0.7583530736267335,30,Fan-in; ,Low
A1451,38553.37,29,29,46246.31,23,23,52,84799.68,1.199540014271126,30,Fan-in; ,Low
A1454,49807.19,29,29,23575.65,17,17,46,73382.84,0.4733382871027255,30,Fan-in; ,Low
A1456,38676.93,25,25,40266.31,23,23,48,78943.23999999999,1.0410937476164732,30,Fan-in; ,Low
A1427,31977.35,27,26,36494.75,24,24,51,68472.1,1.141268741781292,30,Fan-in; ,Low
A0433,43692.49,28,28,33652.37,21,20,49,77344.86,0.7702094799357968,30,Fan-in; ,Low
A0435,42053.23,28,28,53392.94,24,24,52,95446.17,1.2696513442605957,30,Fan-in; ,Low
A0436,58947.97,28,28,37083.76,21,21,49,96031.73,0.6290930798804437,30,Fan-in; ,Low
A0437,47263.07,32,32,16617.48,15,15,47,63880.55,0.351595442276602,30,Fan-in; ,Low
A0438,68153.82,32,31,29312.42,24,24,56,97466.24,0.4300921063558872,30,Fan-in; ,Low
A0439,82246.25,27,27,40417.54,19,18,46,122663.79,0.4914210678298403,30,Fan-in; ,Low
A0442,51498.12,29,29,41265.77,21,21,50,92763.89,0.8013063389498489,30,Fan-in; ,Low
A1570,71453.01,27,27,35209.19,18,17,45,106662.2,0.4927600670706525,30,Fan-in; ,Low
A1576,57009.27,26,26,37047.11,17,16,43,94056.38,0.6498436131527382,30,Fan-in; ,Low
A1579,30752.45,29,29,59147.72,22,22,51,89900.17,1.9233498469227652,30,Fan-in; ,Low
A1581,35654.3,26,25,29904.35,16,16,42,65558.65,0.8387305318012133,30,Fan-in; ,Low
A0567,52764.3,30,30,33247.75,20,20,50,86012.05,0.6301182807314794,30,Fan-in; ,Low
A0569,32916.43,30,30,31051.62,24,24,54,63968.05,0.9433471369768835,30,Fan-in; ,Low
A0572,78520.02,26,26,21325.66,18,18,44,99845.68,0.271595193174938,30,Fan-in; ,Low
A0574,54112.7,25,25,29712.33,22,22,47,83825.03,0.5490823780739088,30,Fan-in; ,Low
A1457,53588.96,33,32,29941.3,22,22,55,83530.26,0.5587214232185137,30,Fan-in; ,Low
A1458,47126.42,27,27,32476.61,20,20,47,79603.03,0.6891380673516045,30,Fan-in; ,Low
A1466,58269.05,32,32,27933.15,20,20,52,86202.2,0.4793822792717574,30,Fan-in; ,Low
A1471,50867.63,32,32,58838.33,22,22,54,109705.96,1.1566949354628868,30,Fan-in; ,Low
A1472,48530.05,25,25,40732.07,20,20,45,89262.12,0.8393164647471,30,Fan-in; ,Low
A0545,34765.79,25,25,40631.76,17,17,42,75397.55,1.1687282239235754,30,Fan-in; ,Low
A0480,79069.52,26,26,33836.020000000004,22,22,48,112905.54,0.4279274744553907,30,Fan-in; ,Low
A1558,42954.77,26,26,53502.86,19,18,45,96457.63,1.245562716317652,30,Fan-in; ,Low
A1566,69636.90000000001,33,33,52658.85,23,23,56,122295.75,0.7561917604028897,30,Fan-in; ,Low
A1567,71749.29,29,29,36485.82,22,22,51,108235.11,0.5085182027585221,30,Fan-in; ,Low
A1568,78088.12,29,29,27034.55,22,21,51,105122.67,0.3462056712339854,30,Fan-in; ,Low
A0458,52050.29,30,30,21808.85,21,21,51,73859.14,0.4189957443080528,30,Fan-in; ,Low
A0459,46881.67,26,26,47911.79,23,22,49,94793.46,1.0219727667551093,30,Fan-in; ,Low
A0488,87811.33,36,35,25775.52,18,18,54,113586.85,0.2935329643680377,30,Fan-in; ,Low
A0558,23940.28,25,25,47020.5,25,24,50,70960.78,1.9640747727261336,30,Fan-in; ,Low
A1473,43719.29,25,25,37325.69,23,23,48,81044.98000000001,0.8537579178435881,30,Fan-in; ,Low
A1475,69452.15,29,29,35104.83,21,21,50,104556.98,0.5054534668833147,30,Fan-in; ,Low
A1479,44143.07,31,31,55043.88,21,21,52,99186.95,1.2469427250981864,30,Fan-in; ,Low
A1482,49877.04,25,25,35481.74,24,24,49,85358.78,0.7113842361134501,30,Fan-in; ,Low
A1484,67401.46,28,28,24411.87,16,16,44,91813.33,0.3621860713402943,30,Fan-in; ,Low
A1485,45753.91,25,25,35984.89,21,21,46,81738.8,0.7864877559098227,30,Fan-in; ,Low
A0532,37997.9,28,28,23097.55,20,20,48,61095.45,0.6078638556341271,30,Fan-in; ,Low
A0534,47487.3,28,28,37863.41,23,23,51,85350.70999999999,0.7973376039488451,30,Fan-in; ,Low
A0537,57414.9,28,28,37171.37,20,20,48,94586.27,0.6474167855382488,30,Fan-in; ,Low
A0539,59346.36,31,31,25133.34,15,15,46,84479.7,0.4235026377354904,30,Fan-in; ,Low
A0544,40991.46,27,26,40824.85,17,17,44,81816.31,0.9959354948567336,30,Fan-in; ,Low
A1495,36428.87,25,25,31279.67,23,23,48,67708.54000000001,0.8586505702757181,30,Fan-in; ,Low
A1496,44675.6,29,29,39121.01,22,22,51,83796.61,0.875668373787929,30,Fan-in; ,Low
A1499,67564.67,28,26,25668.63,22,21,50,93233.3,0.3799120161469004,30,Fan-in; ,Low
A1502,52942.36,35,35,29719.77,22,22,57,82662.13,0.5613608837989088,30,Fan-in; ,Low
A1503,49824.37,26,26,36526.71,17,17,43,86351.08,0.7331093197967179,30,Fan-in; ,Low
A0513,58725.59,31,28,47911.46,20,20,51,106637.05,0.815853191087565,30,Fan-in; ,Low
A0514,52715.87,32,31,25884.85,19,18,51,78600.72,0.4910257575185613,30,Fan-in; ,Low
A0517,45828.85,38,38,35774.39,20,20,58,81603.23999999999,0.7806085031590363,30,Fan-in; ,Low
A0519,70876.26,26,26,57027.35,21,21,47,127903.61,0.8046043908073028,30,Fan-in; ,Low
A0555,44726.19,31,31,49075.49,21,21,52,93801.68,1.0972428011417918,30,Fan-in; ,Low
A0490,100039.94,34,34,28397.71,18,18,52,128437.65,0.2838637248283036,30,Fan-in; ,Low
A1538,34282.26,25,25,33121.56,24,24,49,67403.82,0.9661428388910182,30,Fan-in; ,Low
A1545,59895.54,35,35,47267.02,18,18,53,107162.56,0.7891575900309105,30,Fan-in; ,Low
A1547,58151.72,32,32,51747.95,24,24,56,109899.67,0.8898782357598365,30,Fan-in; ,Low
A0470,52132.36,25,25,15409.11,14,14,39,67541.47,0.2955766821221982,30,Fan-in; ,Low
A0472,50655.32,29,29,29390.84,20,20,49,80046.16,0.5802123054399815,30,Fan-in; ,Low
A0507,33002.08,27,27,37919.63,17,17,44,70921.70999999999,1.149007274692989,30,Fan-in; ,Low
A1505,38252.83,25,25,31761.97,21,21,46,70014.8,0.8303168680591736,30,Fan-in; ,Low
A1510,67429.81999999999,34,34,35689.96,19,19,53,103119.78,0.5292904533928757,30,Fan-in; ,Low
A1513,41385.53,28,28,49751.14,19,19,47,91136.67,1.2021385252285035,30,Fan-in; ,Low
A1515,44080.32,25,25,43760.83,15,15,40,87841.15,0.9927520943586616,30,Fan-in; ,Low
A1519,52587.75,26,26,24279.44,18,18,44,76867.19,0.4616938355415472,30,Fan-in; ,Low
A0499,65495.88,35,35,35132.35,24,24,59,100628.23,0.5364054960403616,30,Fan-in; ,Low
A0501,52971.25,30,30,27000.82,21,21,51,79972.07,0.5097259362389975,30,Fan-in; ,Low
A0505,59261.08,29,29,35474.3,21,21,50,94735.38,0.5986104201948396,30,Fan-in; ,Low
A0506,46649.76,33,33,33183.5,23,23,56,79833.26000000001,0.7113327056773711,30,Fan-in; ,Low
A0538,36061.45,31,30,38628.76,22,21,53,74690.20999999999,1.0711926447771791,30,Fan-in; ,Low
A0510,50469.6,26,26,28155.88,17,17,43,78625.48,0.5578780097325915,30,Fan-in; ,Low
A1522,61503.87,30,30,38324.58,23,22,53,99828.45,0.6231246911779698,30,Fan-in; ,Low
A1529,46619.82,32,31,36218.5,20,20,52,82838.32,0.7768906014652137,30,Fan-in; ,Low
A1532,33154.25,27,27,34886.57,21,21,48,68040.82,1.052250314816351,30,Fan-in; ,Low
A1534,51863.31,29,29,35467.1,18,18,47,87330.41,0.6838572393470451,30,Fan-in; ,Low
A1535,55528.73,27,27,66120.39,24,24,51,121649.12,1.1907419816732707,30,Fan-in; ,Low
A0013,36515.83,26,26,38769.94,26,24,52,75285.77,1.061729666284458,30,Fan-in; ,Low
A0014,53237.7,31,31,26451.77,21,21,52,79689.47,0.4968616224968397,30,Fan-in; ,Low
A1985,85508.13,27,27,26789.88,17,17,44,112298.01,0.3133021386387469,30,Fan-in; ,Low
A1988,52057.63,27,27,46915.71,24,24,51,98973.34,0.9012263908287796,30,Fan-in; ,Low
A1989,48755.02,28,28,27803.17,21,21,49,76558.19,0.5702627134600704,30,Fan-in; ,Low
A1990,60109.01,34,34,36869.3,20,20,54,96978.31,0.6133739351222055,30,Fan-in; ,Low
A1991,57147.09,25,25,45498.57,22,22,47,102645.66,0.7961659990036238,30,Fan-in; ,Low
A1993,71781.8,30,27,28647.91,19,19,49,100429.71,0.3990971248979546,30,Fan-in; ,Low
A1994,65628.15,25,25,25554.96,21,21,46,91183.11,0.3893902235549836,30,Fan-in; ,Low
A1998,53233.95,39,39,27197.55,20,20,59,80431.5,0.5109061040933465,30,Fan-in; ,Low
A0038,37004.24,28,27,44003.14,25,24,53,81007.38,1.1891377852916314,30,Fan-in; ,Low
A0062,41086.74,26,26,46218.12,22,22,48,87304.85999999999,1.1248913883165226,30,Fan-in; ,Low
A0063,49652.99,25,25,25917.79,22,22,47,75570.78,0.5219784347327322,30,Fan-in; ,Low
A1962,60503.94,29,29,54736.68,22,22,51,115240.62,0.9046795960725864,30,Fan-in; ,Low
A1963,81693.93000000001,34,34,23559.67,23,22,57,105253.6,0.2883894800996843,30,Fan-in; ,Low
A1967,68279.03,29,29,31941.78,24,24,53,100220.81,0.4678124454902186,30,Fan-in; ,Low
A0035,68901.7,31,31,27944.69,24,24,55,96846.39,0.4055733022552419,30,Fan-in; ,Low
A0036,61446.12,27,26,46994.17,24,24,51,108440.29,0.7648028874727972,30,Fan-in; ,Low
A0037,82323.9,29,28,55542.83,18,18,47,137866.72999999998,0.6746865734009201,30,Fan-in; ,Low
A1984,43233.49,26,26,40489.9,20,20,46,83723.39,0.93654016828158,30,Fan-in; ,Low
A0009,29919.92,23,23,52163.55,24,24,47,82083.47,1.7434388193551322,0,,Low
A0034,29739.63,13,13,48303.35,23,23,36,78042.98,1.624208169368617,0,,Low
A0033,18969.73,16,16,25207.15,23,23,39,44176.880000000005,1.328809107984141,0,,Low
A1966,32361.58,19,19,32162.66,15,15,34,64524.240000000005,0.9938532049424038,0,,Low
A1956,45339.73,18,18,33084.24,24,24,42,78423.97,0.7296964494495224,0,,Low
A1955,22979.69,18,18,23416.34,16,16,34,46396.03,1.0190015618139323,0,,Low
A1954,31374.81,21,21,25996.68,24,24,45,57371.490000000005,0.8285844599537017,0,,Low
A0064,33797.27,22,22,39413.67,22,22,44,73210.94,1.1661791026316624,0,,Low
A1025,44985.85,18,18,40311.47,23,23,41,85297.32,0.8960922156633697,0,,Low
A1010,30136.71,20,20,31417.37,21,20,41,61554.08,1.0424950168747684,0,,Low
A0061,36110.28,20,19,22312.71,19,19,39,58422.99,0.617904652082454,0,,Low
A0078,27616.11,24,24,46129.25,24,24,48,73745.36,1.670374647262051,0,,Low
A0080,34579.08,23,23,35471.61,24,24,47,70050.69,1.0258112708608789,0,,Low
A1942,33645.56,24,23,27832.24,19,19,43,61477.8,0.8272188068797192,0,,Low
A1943,46037.880000000005,25,24,41835.22,25,24,50,87873.1,0.9087129989478228,0,,Low
A1950,31259.91,18,18,34841.61,24,23,42,66101.52,1.114578065004026,0,,Low
A0051,29068.78,19,18,28794.83,22,21,41,57863.61,0.9905757998787704,0,,Low
A0058,31539.41,19,18,47240.78,23,23,42,78780.19,1.4978333456459711,0,,Low
A0060,56975.32,19,19,16047.57,17,17,36,73022.89,0.2816582688785249,0,,Low
A1013,38370.68,22,22,66860.85,24,24,46,105231.53,1.7424984389122111,0,,Low
A1016,22051.97,23,23,36321.95,23,23,46,58373.92,1.647106811772372,0,,Low
A1019,32462.78,17,16,29303.0,23,23,40,61765.78,0.9026645284230124,0,,Low
A1022,29489.05,18,18,49837.93,23,23,41,79326.98,1.690048679085966,0,,Low
A1024,34584.36,24,24,64669.15,21,21,45,99253.51,1.8698958141772752,0,,Low
A1057,34623.01,20,20,55642.16,20,20,40,90265.17,1.607086154554442,0,,Low
A1489,32897.68,21,21,36591.34,24,24,45,69489.02,1.1122772183327214,0,,Low
A1494,45443.34,24,23,30112.94,20,20,44,75556.28,0.6626480359938332,0,,Low
A1497,48778.55,24,24,16286.94,16,16,40,65065.490000000005,0.3338955340000881,0,,Low
A0520,42433.1,21,21,46017.41,24,24,45,88450.51000000001,1.0844696710822448,0,,Low
A0492,25532.05,21,21,26239.48,23,22,44,51771.53,1.0277075283809958,0,,Low
A0494,30954.2,21,21,32478.88,20,20,41,63433.08,1.0492559975706042,0,,Low
A0496,53074.85,19,19,43445.08,19,19,38,96519.93,0.8185624641426212,0,,Low
A1539,45146.27,24,24,27106.74,18,18,42,72253.01,0.6004203669539034,0,,Low
A1542,22768.38,24,24,19733.46,17,17,41,42501.84,0.8667046140305107,0,,Low
A1552,82922.08,22,22,36286.15,24,23,46,119208.23,0.437593340639791,0,,Low
A0467,25308.61,22,22,42541.85,20,20,42,67850.45999999999,1.6809240017527631,0,,Low
A0468,36214.12,19,18,69084.82,24,24,43,105298.94,1.907676342818768,0,,Low
A0469,28763.6,22,22,30725.99,15,15,37,59489.59,1.0682247701956638,0,,Low
A0527,30054.93,17,17,49209.22,23,23,40,79264.15,1.6373094197857057,0,,Low
A1508,38448.52,22,22,42692.75,20,20,42,81141.26999999999,1.1103873439081662,0,,Low
A1512,53074.96,23,23,60121.65,23,23,46,113196.61,1.1327686351529986,0,,Low
A0552,47697.810000000005,18,18,64070.57,23,23,41,111768.38,1.3432602041896682,0,,Low
A0604,70846.29000000001,25,24,27515.38,19,17,44,98361.67,0.3883813817209059,0,,Low
A0479,39056.18,23,23,39491.58,24,24,47,78547.76000000001,1.0111480436642806,0,,Low
A1555,32351.55,22,22,24570.59,21,21,43,56922.14,0.7594872579520919,0,,Low
A1559,27256.74,22,22,31709.94,19,19,41,58966.68,1.1633797732230635,0,,Low
A1560,52974.72,22,22,67826.45999999999,22,22,44,120801.18,1.2803552335906634,0,,Low
A1563,38988.58,23,23,35856.41,21,20,44,74844.98999999999,0.9196644248136248,0,,Low
A0449,24541.83,19,19,31413.78,23,23,42,55955.61,1.2800096814296245,0,,Low
A0451,38212.29,20,20,72285.03,20,20,40,110497.32,1.8916696696272324,0,,Low
A0452,36670.2,24,24,46707.09,23,23,47,83377.29,1.273706988235679,0,,Low
A1477,45312.73,19,19,36655.0,20,20,39,81967.73000000001,0.8089338249979641,0,,Low
A1478,16731.12,14,14,24519.06,19,19,33,41250.18,1.4654763100139143,0,,Low
A1481,54979.48,21,21,24846.5,16,16,37,79825.98000000001,0.4519231538748638,0,,Low
A1488,32864.54,20,20,32543.96,23,23,43,65408.5,0.9902454134456165,0,,Low
A0535,29339.13,20,20,40606.11,24,23,44,69945.24,1.3840257021936233,0,,Low
A0563,51081.58,24,24,32484.62,21,21,45,83566.2,0.6359360849840587,0,,Low
A0577,38124.01,21,21,18596.84,17,17,38,56720.850000000006,0.4877986339842005,0,,Low
A0582,51533.72,24,24,45637.67,23,23,47,97171.39,0.8855885039931136,0,,Low
A0587,30482.5,21,21,25048.01,17,17,38,55530.51,0.8217177068809973,0,,Low
A0591,46614.18,23,23,32732.01,14,14,37,79346.19,0.702189977384564,0,,Low
A1442,46601.73,24,24,35845.62,22,22,46,82447.35,0.7691907575105045,0,,Low
A1449,40577.35,19,19,29903.85,24,24,43,70481.2,0.7369591656429018,0,,Low
A1455,34014.24,20,20,32347.01,22,22,42,66361.25,0.950984352435921,0,,Low
A0440,52853.29,21,21,22451.59,16,16,37,75304.88,0.4247907746140306,0,,Low
A0448,44659.02,21,21,31483.64,17,17,38,76142.66,0.7049783000164357,0,,Low
A1569,36789.23,18,18,42979.65,21,21,39,79768.88,1.1682671803677325,0,,Low
A1575,42283.26,24,24,58707.68,24,24,48,100990.94,1.3884378829825326,0,,Low
A0478,40296.52,21,21,42049.93,22,21,43,82346.45000000001,1.043512690425873,0,,Low
A0564,43297.36,20,20,30938.47,23,22,43,74235.83,0.7145578852844607,0,,Low
A0571,22423.83,20,20,52615.84,24,23,44,75039.67,2.3464252092528355,0,,Low
A0548,31795.59,20,20,45175.0,20,20,40,76970.59,1.420794518988325,0,,Low
A0550,47244.32,22,20,48624.14,23,23,45,95868.46,1.029206050589785,0,,Low
A1422,57110.7,19,19,25002.4,20,20,39,82113.1,0.4377883654026304,0,,Low
A1426,34626.4,23,21,42282.67,24,24,47,76909.07,1.2211107709724371,0,,Low
A0656,56721.26,24,24,44126.32,25,24,49,100847.58,0.7779502782554548,0,,Low
A1589,23912.85,20,20,54902.68,22,20,42,78815.53,2.2959488308587224,0,,Low
A1593,23137.26,18,18,54440.24,21,21,39,77577.5,2.3529251086775185,0,,Low
A0418,40484.48,21,21,19827.7,14,14,35,60312.17999999999,0.4897605205747981,0,,Low
A0427,35343.32,23,23,42416.93,22,22,45,77760.25,1.2001399415787763,0,,Low
A0430,32974.85,18,18,25953.51,21,21,39,58928.36,0.7870698426224835,0,,Low
A0431,36843.45,20,20,33656.73,22,22,42,70500.18,0.913506471299512,0,,Low
A0463,28379.72,20,20,29719.94,23,23,43,58099.66,1.047224567402356,0,,Low
A1429,23056.92,20,20,59475.05,23,23,43,82531.97,2.579488066923076,0,,Low
A1436,38899.61,23,23,46293.13,22,22,45,85192.73999999999,1.190066687043906,0,,Low
A0596,37230.61,22,21,46563.93,24,24,46,83794.54000000001,1.2506894192708633,0,,Low
A0597,53713.02,22,21,35140.84,24,24,46,88853.85999999999,0.6542331821967933,0,,Low
A0600,36991.77,22,22,43645.27,23,23,45,80637.04000000001,1.1798643319851956,0,,Low
A0611,39758.58,25,24,34821.25,19,19,44,74579.83,0.8758172449820893,0,,Low
A0635,43118.24,23,23,46988.58,22,22,45,90106.82,1.089761084868028,0,,Low
A0636,58666.86,24,24,14756.86,12,12,36,73423.72,0.2515365574363448,0,,Low
A1396,34064.62,22,21,38008.11,19,19,41,72072.73000000001,1.1157649784439103,0,,Low
A1408,43718.2,21,21,27732.41,15,15,36,71450.61,0.6343447351446309,0,,Low
A0609,18264.21,17,17,45804.75,19,19,36,64068.96,2.507896591202138,0,,Low
A1380,23378.12,20,20,36770.2,24,24,44,60148.31999999999,1.5728467473004673,0,,Low
A0402,50042.87,21,20,30724.22,21,21,42,80767.09,0.6139579924173014,0,,Low
A0411,42240.66,22,22,16640.87,14,14,36,58881.53,0.393953835001631,0,,Low
A0415,52323.35,22,21,35713.9,25,24,47,88037.25,0.682561418563605,0,,Low
A1610,49825.14,24,24,36244.32,22,22,46,86069.45999999999,0.7274303694881741,0,,Low
A1616,31401.01,24,24,31142.06,20,20,44,62543.07000000001,0.9917534499686474,0,,Low
A0613,35681.98,20,20,56092.62,23,23,43,91774.6,1.5720153421979386,0,,Low
A0617,32515.15,23,23,57681.97,23,23,46,90197.12,1.7740028878845706,0,,Low
A0622,26539.63,19,19,33946.54,18,18,37,60486.17,1.2790886685307974,0,,Low
A1411,36691.36,20,20,29947.19,19,19,39,66638.55,0.8161918773247979,0,,Low
A1414,63075.66,24,24,29905.67,21,21,45,92981.33,0.4741237745272899,0,,Low
A1390,32937.37,19,18,27231.21,20,20,39,60168.58,0.8267572668977516,0,,Low
A0643,26767.84,18,18,47583.98,22,22,40,74351.81999999999,1.7776548275841455,0,,Low
A0644,48310.87,23,23,47414.54,21,20,44,95725.41,0.9814466185353315,0,,Low
A0645,34266.56,18,18,20860.78,18,18,36,55127.34,0.6087795214926739,0,,Low
A0647,57552.79,18,18,43010.61,23,23,41,100563.4,0.7473244998200782,0,,Low
A0650,46379.1,20,20,47023.34,23,23,43,93402.44,1.0138907395788188,0,,Low
A0386,40911.16,23,23,28112.19,18,18,41,69023.35,0.6871521120398444,0,,Low
A0389,32824.05,15,15,34453.35,23,23,38,67277.4,1.0496373847834133,0,,Low
A0400,45201.09,24,24,41223.42,19,19,43,86424.51000000001,0.9120005734374989,0,,Low
A1624,33155.95,18,18,41217.14,21,21,39,74373.09,1.243129513707193,0,,Low
A1629,44984.12,20,19,35084.65,24,23,44,80068.77,0.77993411897354,0,,Low
A0370,53045.52,24,23,40111.6,18,18,42,93157.12,0.7561731886123465,0,,Low
A0432,31361.55,20,19,71304.42,24,24,44,102665.97,2.273625506392382,0,,Low
A0625,39602.11,23,23,23604.07,22,22,45,63206.18,0.5960306155404346,0,,Low
A0626,24675.04,14,14,50935.92,24,24,38,75610.95999999999,2.064268994092816,0,,Low
A0629,35435.96,22,22,31300.3,20,20,42,66736.26,0.883292000555368,0,,Low
A1377,32284.48,19,19,44757.32,20,20,39,77041.8,1.3863416725311977,0,,Low
A1378,21109.6,19,19,36039.92,23,23,42,57149.52,1.7072763103043165,0,,Low
A0678,43558.45,24,24,28027.03,21,20,45,71585.48,0.6434349707117678,0,,Low
A0380,39442.24,24,24,28318.34,23,23,47,67760.58,0.7179698718936856,0,,Low
A0383,28873.48,20,20,40488.54,25,24,45,69362.02,1.402274336172848,0,,Low
A1637,27639.22,20,20,21435.37,20,20,40,49074.59,0.7755417844642504,0,,Low
A1638,19679.33,20,20,23451.99,22,22,42,43131.32000000001,1.1917067298530997,0,,Low
A1646,45019.8,23,23,51378.75,24,23,47,96398.55,1.141247850945584,0,,Low
A1648,41379.42,18,18,31097.32,24,24,42,72476.73999999999,0.7515165751477425,0,,Low
A0354,58408.670000000006,24,24,26615.8,19,19,43,85024.47,0.455682349897712,0,,Low
A0355,39114.37,20,18,51512.85,22,22,42,90627.22,1.316980178895889,0,,Low
A0359,35878.44,24,24,30393.83,18,18,42,66272.27,0.8471335431529353,0,,Low
A0385,29167.22,19,19,54110.03,24,24,43,83277.25,1.8551658334253316,0,,Low
A1386,34275.31,23,23,36506.98,22,22,45,70782.29000000001,1.065110133212508,0,,Low
A1387,29016.02,16,16,27017.78,18,18,34,56033.8,0.9311332153755064,0,,Low
A1389,35218.21,23,23,40642.21,24,24,47,75860.42,1.1540112345289553,0,,Low
A1350,51025.78,24,24,37249.65,23,23,47,88275.43,0.7300162780461171,0,,Low
A1356,25330.42,13,13,37282.27,20,20,33,62612.69,1.4718378139801866,0,,Low
A1651,27843.28,21,21,21877.64,15,15,36,49720.92,0.7857421970400039,0,,Low
A1656,31489.04,18,18,21200.64,17,17,35,52689.68,0.6732704458440143,0,,Low
A1658,16055.05,17,17,52256.29,24,23,41,68311.34,3.25481951161784,0,,Low
A1660,55580.85,26,24,45371.36,22,21,48,100952.21,0.8163128127763429,0,,Low
A0346,41247.22,21,21,24611.54,15,15,36,65858.76000000001,0.5966836067982279,0,,Low
A0372,30480.36,21,21,30462.26,21,21,42,60942.62,0.9994061749926836,0,,Low
A0660,46706.71,22,22,39521.13,21,21,43,86227.84,0.8461552954596887,0,,Low
A0665,33220.79,20,19,41071.29,24,24,44,74292.08,1.2363128631197513,0,,Low
A0671,30671.11,22,22,32468.21,17,17,39,63139.32,1.0585925973986594,0,,Low
A1368,40446.07,20,20,49274.54,18,18,38,89720.61,1.2182775730744668,0,,Low
A1371,19008.06,16,16,20621.32,16,16,32,39629.380000000005,1.0848724172798274,0,,Low
A1373,49694.28,23,23,57995.82,22,22,45,107690.1,1.167052224119154,0,,Low
A1374,30611.47,19,19,33559.39,21,21,40,64170.86,1.0963011577033055,0,,Low
A1375,31557.52,20,20,35486.19,22,22,42,67043.71,1.1244923555463169,0,,Low
A1343,21559.98,20,20,32411.64,22,21,42,53971.62,1.50332421458647,0,,Low
A0675,41011.16,21,21,32015.44,21,20,42,73026.59999999999,0.780651900604616,0,,Low
A0677,32588.47,23,23,28470.42,20,20,43,61058.89,0.8736347548688231,0,,Low
A0712,34061.090000000004,19,19,52903.49,21,21,40,86964.58,1.553194275344682,0,,Low
A0352,25641.51,15,15,19965.5,13,13,28,45607.01,0.7786397914943386,0,,Low
A0321,48980.7,22,22,43880.1,21,20,43,92860.8,0.8958651060519756,0,,Low
A0322,31456.31,21,21,22334.62,18,18,39,53790.93,0.7100203425004394,0,,Low
A0326,68941.52,20,20,28849.96,18,18,38,97791.48,0.4184700308319282,0,,Low
A0335,30894.95,21,21,33826.42,22,22,43,64721.37,1.0948850863976152,0,,Low
A1665,36613.19,23,23,40527.31,21,21,44,77140.5,1.106904642835,0,,Low
A1667,57903.12,17,17,25831.52,23,23,40,83734.64,0.4461162023738962,0,,Low
A1668,91750.17,22,22,21959.95,20,20,42,113710.12,0.2393450606140566,0,,Low
A1669,48127.02,24,24,41498.48,21,20,45,89625.5,0.862269884983529,0,,Low
A0683,35905.16,20,20,52827.58,19,19,39,88732.73999999999,1.4713088592280332,0,,Low
A0688,55510.37,24,24,37639.1,24,24,48,93149.47,0.6780552894891532,0,,Low
A1347,32118.69,24,24,40334.81,22,22,46,72453.5,1.255804953439882,0,,Low
A0297,25116.54,18,17,29394.71,18,18,36,54511.25,1.1703327767280047,0,,Low
A0299,37776.38,23,23,18052.14,15,15,38,55828.52,0.4778684458383784,0,,Low
A0312,37912.46,18,18,32944.44,22,22,40,70856.9,0.8689607585474539,0,,Low
A0313,40213.14,20,20,60187.32,19,19,39,100400.46,1.4967077925275172,0,,Low
A0315,32012.89,24,24,38824.07,22,22,46,70836.95999999999,1.2127636711337215,0,,Low
A0316,34293.88,22,22,75240.33,23,23,45,109534.21,2.193987090407968,0,,Low
A1693,32639.93,15,15,78748.44,24,24,39,111388.37,2.4126412035810127,0,,Low
A1695,43578.84,19,19,30393.49,25,24,44,73972.33,0.6974368753275674,0,,Low
A1696,45237.47,24,24,33097.22,19,19,43,78334.69,0.7316328698311377,0,,Low
A1697,24452.34,16,16,33085.09,21,20,37,57537.42999999999,1.3530439213588554,0,,Low
A0347,37604.54,23,22,39996.29,21,21,44,77600.83,1.0636026926535995,0,,Low
A0697,37116.22,24,24,42488.8,21,20,45,79605.02,1.1447501927728632,0,,Low
A0701,32384.04,23,22,49198.32,23,23,46,81582.36,1.5192150207324349,0,,Low
A1329,29498.91,21,21,30532.23,19,19,40,60031.14,1.0350290909053927,0,,Low
A1336,52715.93,22,22,23367.8,18,18,40,76083.73,0.4432777720131277,0,,Low
A1338,43663.14,23,23,36289.01,17,17,40,79952.15,0.8311131540241953,0,,Low
A0720,30113.84,20,20,38268.81,23,22,43,68382.65,1.2708047196903485,0,,Low
A1315,45172.92,24,24,35426.41,17,17,41,80599.32999999999,0.7842399827153081,0,,Low
A1322,59878.24,21,21,42467.92,22,22,43,102346.16,0.709237946873522,0,,Low
A1323,50060.83,25,24,26120.77,19,19,44,76181.6,0.5217806017199476,0,,Low
A1327,49223.79,22,22,53929.36,23,22,45,103153.15,1.0955954427726915,0,,Low
A0689,28248.37,20,20,49670.98,24,24,44,77919.35,1.7583662349367415,0,,Low
A0692,29422.95,23,23,54506.85,23,23,46,83929.8,1.852528383455772,0,,Low
A1705,48369.99,22,22,54803.52,24,24,46,103173.51,1.133006643168626,0,,Low
A1707,35287.13,23,23,43011.82,24,23,47,78298.95,1.218909557110482,0,,Low
A1708,34993.12,22,22,38587.18,19,19,41,73580.3,1.102707617954615,0,,Low
A1710,51781.88,25,24,27753.72,22,22,47,79535.6,0.5359735876719811,0,,Low
A1711,38243.1,21,21,28926.27,22,22,43,67169.37,0.7563787977439068,0,,Low
A0289,29171.81,17,17,27112.04,22,22,39,56283.85,0.9293917655435162,0,,Low
A0291,32769.5,24,24,39209.2,20,20,44,71978.7,1.1965150521063794,0,,Low
A0295,37504.42,24,23,34479.21,22,22,46,71983.63,0.9193372407838863,0,,Low
A0296,66697.72,25,24,37349.38,23,23,48,104047.1,0.5599798613805689,0,,Low
A0706,31689.050000000003,23,23,26771.49,20,20,43,58460.54000000001,0.8448183205239664,0,,Low
A0707,47701.15,25,24,44398.42,22,22,47,92099.57,0.9307620466173246,0,,Low
A0709,19935.9,20,20,48120.21,22,21,42,68056.11,2.4137465577174844,0,,Low
A0710,38933.6,24,24,57528.09,24,24,48,96461.69,1.4775949308566378,0,,Low
A0747,31972.24,22,22,27129.93,22,22,44,59102.17,0.8485464265250106,0,,Low
A1713,41584.91,21,21,36278.54,22,22,43,77863.45000000001,0.8723967419912655,0,,Low
A1719,36832.32,21,21,29119.4,24,24,45,65951.72,0.7905936959713643,0,,Low
A1720,46574.44,20,20,26127.61,23,23,43,72702.05,0.5609860258115825,0,,Low
A1727,36171.74,24,24,31884.31,19,18,43,68056.04999999999,0.8814701753357732,0,,Low
A1728,39545.3,22,22,25896.85,23,23,45,65442.15,0.6548654328074385,0,,Low
A1729,43655.59,22,21,49666.28,17,14,39,93321.87,1.137684314883844,0,,Low
A1732,28536.28,19,19,41546.24,24,24,43,70082.51999999999,1.455909459817467,0,,Low
A1733,30535.23,22,22,34043.69,18,18,40,64578.92,1.1148987579265002,0,,Low
A1736,41907.76,22,22,46336.52,18,18,40,88244.28,1.105678757347088,0,,Low
A0713,47606.9,23,23,45542.22,24,24,47,93149.12,0.9566306564804682,0,,Low
A0714,23749.83,23,22,78227.87999999999,22,22,45,101977.71,3.293829050565836,0,,Low
A1288,36786.25,19,19,49326.33,23,23,42,86112.58,1.3408904142172686,0,,Low
A1290,37504.3,24,24,59252.41,24,24,48,96756.71,1.5798831067370942,0,,Low
A1294,26667.79,24,24,51824.97,23,23,47,78492.76000000001,1.943354511191216,0,,Low
A0722,31053.42,22,21,45152.73,23,22,45,76206.15,1.454034048423652,0,,Low
A1740,45860.36,22,22,46051.09,24,23,46,91911.45,1.0041589294109337,0,,Low
A1741,36569.47,16,16,31727.23,18,18,34,68296.7,0.8675879087118298,0,,Low
A1743,55639.16,24,24,30359.74,17,17,41,85998.9,0.5456541759437058,0,,Low
A0274,24054.84,16,16,38614.38,24,24,40,62669.22,1.605264470684486,0,,Low
A0275,39201.26,21,21,58545.89,21,21,42,97747.15,1.4934695976608914,0,,Low
A0281,38786.15,21,21,42878.93,20,20,41,81665.08,1.105521687509588,0,,Low
A0286,20714.4,24,24,26198.92,18,18,42,46913.32,1.2647684702429227,0,,Low
A0287,31657.06,20,20,31303.0,20,20,40,62960.06,0.9888157649510092,0,,Low
A0729,34856.25,21,21,36842.09,18,18,39,71698.34,1.0569722790030482,0,,Low
A1298,28282.28,18,18,25239.2,20,20,38,53521.48,0.8924032998753991,0,,Low
A1299,75330.69,23,23,44372.28,24,24,47,119702.97,0.5890332346617295,0,,Low
A1306,36220.53,24,23,35247.23,19,19,43,71467.76000000001,0.973128499224059,0,,Low
A0745,39509.61,24,24,49988.78,18,18,42,89498.39,1.265230914706574,0,,Low
A0260,45599.36,23,23,48310.33,23,23,46,93909.69,1.0594519309042931,0,,Low
A0267,40605.82,24,24,44045.74,19,19,43,84651.56,1.0847149497288813,0,,Low
A0268,55666.92,19,19,49981.58,24,23,43,105648.5,0.897868608502141,0,,Low
A1746,51779.93,24,23,42795.83,20,19,44,94575.76,0.8264945510741324,0,,Low
A1748,54606.35,20,20,32309.13,19,19,39,86915.48,0.5916734958480104,0,,Low
A1755,44524.97,24,23,31762.28,21,21,45,76287.25,0.7133588186583842,0,,Low
A1759,36905.03,21,21,34374.13,23,23,44,71279.16,0.9314212723848212,0,,Low
A0241,43416.33,23,23,35054.27,17,17,40,78470.6,0.8073982761785714,0,,Low
A0242,44059.01,26,24,61260.75,22,22,48,105319.76,1.3904250231677924,0,,Low
A1737,43107.77,20,20,22791.58,17,17,37,65899.35,0.5287116452556002,0,,Low
A0748,45122.7,20,20,33826.5,20,20,40,78949.2,0.7496559381419995,0,,Low
A0751,29815.91,18,18,57485.56,21,21,39,87301.47,1.928016283923583,0,,Low
A0752,29776.120000000003,19,19,38408.09,23,23,42,68184.20999999999,1.2898957285233936,0,,Low
A1282,66975.17,25,24,42920.34,22,22,47,109895.51,0.6408395827886663,0,,Low
A1286,17422.39,17,17,24646.3,20,20,37,42068.69,1.4146336983617058,0,,Low
A0779,60166.96,24,24,27344.76,21,21,45,87511.72,0.4544813299525188,0,,Low
A0780,25701.0,19,19,62255.55,25,24,44,87956.55,2.4223006886891563,0,,Low
A1262,68934.32,22,22,24284.22,22,22,44,93218.54,0.3522805476285252,0,,Low
A0766,51591.71,24,24,25320.22,21,21,45,76911.93,0.4907807862929916,0,,Low
A0250,44846.84,23,23,51027.79,25,24,48,95874.63,1.1378235345009815,0,,Low
A0252,37520.21,23,23,20365.03,13,13,36,57885.24,0.5427749471551465,0,,Low
A1762,22103.94,22,22,39047.46,21,21,43,61151.4,1.766538454230332,0,,Low
A1765,24493.34,14,14,35281.45,20,20,34,59774.78999999999,1.4404507511021365,0,,Low
A1770,31885.42,21,19,45507.19,20,20,41,77392.61,1.427209991275009,0,,Low
A1771,31107.72,24,24,46062.09,18,18,42,77169.81,1.480728577986429,0,,Low
A0288,39396.16,23,23,41856.88,24,24,47,81253.04000000001,1.062460909895787,0,,Low
A1267,37982.0,22,22,39835.65,23,23,45,77817.65,1.048803380548681,0,,Low
A1268,24549.27,20,20,36070.41,22,22,42,60619.68000000001,1.469306826638837,0,,Low
A1273,31558.43,18,18,32526.57,21,21,39,64085.0,1.0306776984786632,0,,Low
A1279,53130.29,24,24,28783.2,22,22,46,81913.49,0.5417474664640453,0,,Low
A0739,54993.45,24,23,60024.36,24,24,48,115017.81,1.0914819855819191,0,,Low
A1222,35065.56,17,17,27105.99,16,16,33,62171.55,0.7730089010413638,0,,Low
A1229,41724.25,18,18,40948.38,24,24,42,82672.63,0.9814048185407764,0,,Low
A1230,43666.19,21,21,27748.01,18,18,39,71414.2,0.6354575473610131,0,,Low
A1777,58651.240000000005,24,24,57961.05,22,22,46,116612.29,0.9882323033579512,0,,Low
A1781,21475.92,19,19,19634.49,19,19,38,41110.41,0.9142560598102432,0,,Low
A1787,37565.9,24,23,25352.16,20,20,44,62918.06,0.6748716255966182,0,,Low
A1792,19015.45,16,16,36218.23,23,23,39,55233.68000000001,1.9046738310163576,0,,Low
A1793,8677.66,12,12,46384.87,22,22,34,55062.53,5.345320051719011,0,,Low
A1794,45277.07,21,21,27473.08,20,20,41,72750.15,0.6067768961198241,0,,Low
A0248,30296.62,24,24,28706.0,21,21,45,59002.62,0.94749843381869,0,,Low
A0788,34610.38,19,18,32603.94,20,20,39,67214.32,0.942027796285392,0,,Low
A0789,44939.2,21,21,39425.29,16,16,37,84364.48999999999,0.8773028892370136,0,,Low
A1237,58311.58,17,17,34170.22,21,21,38,92481.8,0.5859937254315524,0,,Low
A1241,30343.72,20,20,38005.83,19,19,39,68349.55,1.2525105689084923,0,,Low
A1248,34515.02,20,20,39904.49,19,19,39,74419.51,1.1561485405484335,0,,Low
A0832,21333.77,15,15,68745.08,22,22,37,90078.85,3.2223596673255592,0,,Low
A1216,24461.13,18,18,40279.64,22,22,40,64740.77,1.6466794461253424,0,,Low
A0818,22798.12,22,22,55922.36,24,24,46,78720.48,2.4529373474654927,0,,Low
A0823,35079.62,21,21,40315.94,23,23,44,75395.56,1.1492695758962042,0,,Low
A0827,69377.01,22,22,56171.630000000005,22,22,44,125548.64,0.8096576949626397,0,,Low
A0829,37427.03,24,24,14092.32,10,10,34,51519.35,0.376527873037214,0,,Low
A0830,21858.78,23,23,30892.63,22,22,45,52751.41,1.4132824430274702,0,,Low
A0854,29122.1,19,19,42975.34,23,23,42,72097.44,1.4756950906699722,0,,Low
A1799,25096.99,18,18,31711.390000000003,21,21,39,56808.380000000005,1.26355351777245,0,,Low
A1803,35646.09,24,24,41799.22,20,20,44,77445.31,1.1726172491849738,0,,Low
A1804,50941.71,19,19,40448.6,20,20,39,91390.31,0.7940173190102963,0,,Low
A1806,24749.21,18,18,49368.79,23,22,41,74118.0,1.9947622570579024,0,,Low
A0803,59821.99,21,21,29574.87,21,21,42,89396.86,0.4943812467622692,0,,Low
A0808,24725.59,20,20,18318.99,15,15,35,43044.58,0.7408919261380618,0,,Low
A0812,26975.28,20,20,49372.55,23,22,43,76347.83,1.830288693944975,0,,Low
A0815,38435.6,21,21,37726.91,23,23,44,76162.51,0.981561625160008,0,,Low
A1220,14779.49,12,12,33645.17,24,24,36,48424.66,2.276477063822906,0,,Low
A0842,55206.17,19,19,29847.68,24,24,43,85053.85,0.5406584082902328,0,,Low
A0843,24666.99,18,18,27891.63,18,18,36,52558.62,1.130726935065851,0,,Low
A0844,60425.46,23,23,29023.83,23,23,46,89449.29000000001,0.4803245188369274,0,,Low
A0866,21530.04,18,18,26025.39,17,17,35,47555.43,1.208794317149434,0,,Low
A0223,34835.33,21,21,40610.84,22,22,43,75446.17000000001,1.165794611390218,0,,Low
A0195,43986.58,23,23,24077.42,20,20,43,68064.0,0.5473810421269396,0,,Low
A0197,24972.36,17,17,45643.26,18,18,35,70615.62,1.8277511616843585,0,,Low
A0199,42164.9,25,24,49588.23,20,20,45,91753.13,1.1760547279846505,0,,Low
A0200,42614.66,22,22,20262.96,19,19,41,62877.62,0.4754927060312108,0,,Low
A0206,33849.99,22,22,57212.2,22,22,44,91062.19,1.690168889267028,0,,Low
A1812,51368.12,19,19,34263.020000000004,18,18,37,85631.14000000001,0.6670094214076747,0,,Low
A1821,33359.31,22,22,42672.18,21,21,43,76031.48999999999,1.279168543953697,0,,Low
A1795,53366.66,23,23,26403.89,24,23,47,79770.55,0.494763771987979,0,,Low
A1201,40430.6,18,18,13079.54,16,16,34,53510.14,0.3235059583582731,0,,Low
A1212,48878.94,22,22,52909.47,23,23,45,101788.41,1.082459439586865,0,,Low
A1214,30842.04,17,17,30426.71,21,21,38,61268.75,0.9865336404466112,0,,Low
A1172,39035.66,23,23,38667.86,22,22,45,77703.52,0.990577846000298,0,,Low
A1175,31729.86,18,18,27273.89,19,19,37,59003.75,0.8595654062135792,0,,Low
A1176,36319.84,17,17,48679.13,20,20,37,84998.97,1.3402903206622057,0,,Low
A1182,44943.69,21,21,51237.28,24,24,45,96180.97,1.1400327832449897,0,,Low
A0851,48595.12,24,23,56593.95,21,21,45,105189.07,1.1646015073118452,0,,Low
A0853,31339.24,21,21,28674.72,22,22,43,60013.96,0.9149781551818104,0,,Low
A0885,36264.8,22,22,30760.34,17,17,39,67025.14,0.848214797820476,0,,Low
A1833,29242.47,23,23,27806.48,20,20,43,57048.95,0.9508936830575528,0,,Low
A1835,28952.22,18,18,34373.03,22,22,40,63325.25,1.1872329652095763,0,,Low
A1838,29272.27,24,24,12899.67,14,14,38,42171.94,0.4406788404179109,0,,Low
A0178,50543.81,20,20,34708.8,16,16,36,85252.60999999999,0.6867072347731601,0,,Low
A0181,53523.19,22,22,44993.63,24,24,46,98516.82,0.8406380486663817,0,,Low
A0182,40879.91,24,24,31907.52,18,18,42,72787.43000000001,0.7805183524132024,0,,Low
A0857,32850.08,15,15,37518.01,19,19,34,70368.09,1.1420979796700648,0,,Low
A1189,27195.03,18,18,45743.42,22,22,40,72938.45,1.6820507276513392,0,,Low
A1197,44425.7,21,21,36283.7,20,20,41,80709.4,0.8167277049095455,0,,Low
A0894,50567.81,21,21,30806.13,21,21,42,81373.94,0.60920435352055,0,,Low
A1155,27978.97,18,18,34509.86,24,24,42,62488.83,1.233421387563588,0,,Low
A1158,34005.61,18,18,45323.35,23,23,41,79328.95999999999,1.332819790616901,0,,Low
A1159,58531.69,22,22,35096.23,21,21,43,93627.92,0.5996107407799092,0,,Low
A1161,28967.81,18,18,29469.43,24,23,42,58437.240000000005,1.017316462652855,0,,Low
A1163,43709.44,23,23,28893.04,17,17,40,72602.48000000001,0.661025169848893,0,,Low
A1164,35003.38,23,23,32977.69,18,18,41,67981.07,0.9421287315682086,0,,Low
A0191,27316.02,22,22,52522.39,19,19,41,79838.41,1.9227687635314368,0,,Low
A1841,15265.51,17,17,50937.72,24,24,41,66203.23,3.3367846865253763,0,,Low
A1843,36524.17,22,22,48542.34,24,24,46,85066.51,1.3290470392619462,0,,Low
A1844,28792.47,14,13,45601.4,21,19,35,74393.87,1.583796041117695,0,,Low
A0163,20659.34,15,15,43479.78,22,22,37,64139.12,2.104606439508716,0,,Low
A0170,23889.16,20,20,37125.24,19,19,39,61014.4,1.5540621771548266,0,,Low
A1825,22110.550000000003,14,14,50714.84,21,21,35,72825.39000000001,2.293694186711773,0,,Low
A0880,39814.82,20,19,24110.89,16,16,36,63925.71,0.6055757629947843,0,,Low
A1171,39591.810000000005,25,24,65047.42,22,22,47,104639.23,1.6429514083847137,0,,Low
A0928,26161.46,22,22,50114.83,23,23,45,76276.29000000001,1.915597600439731,0,,Low
A0904,33388.26,24,24,34030.75,23,23,47,67419.01000000001,1.019242991398773,0,,Low
A0907,63626.91,24,24,53401.39,25,24,49,117028.3,0.8392893824326845,0,,Low
A1146,34656.56,20,20,29586.53,16,16,36,64243.09,0.8537064844289219,0,,Low
A1149,23771.59,23,23,27078.58,19,19,42,50850.17,1.1391152211526447,0,,Low
A1150,41726.11,21,21,29971.1,20,20,41,71697.20999999999,0.7182816706374018,0,,Low
A1151,36629.48,13,13,57354.62,23,23,36,93984.1,1.5658049199715636,0,,Low
A0882,53547.39,24,24,37125.34,22,22,46,90672.73,0.6933174520737612,0,,Low
A0933,54685.16,19,19,50440.740000000005,17,17,36,105125.9,0.9223844275119614,0,,Low
A0176,36141.77,23,23,42587.68,24,24,47,78729.45,1.1783507005882667,0,,Low
A1865,18975.06,16,16,30099.21,17,17,33,49074.27,1.5862511106684245,0,,Low
A1866,55949.46,24,24,31497.09,24,24,48,87446.55,0.5629561035977827,0,,Low
A0145,80306.92,21,21,19668.33,17,17,38,99975.25,0.2449145104805414,0,,Low
A0148,23796.86,20,20,34315.65,21,21,41,58112.51,1.442024283876108,0,,Low
A0150,46536.04,18,18,26407.56,18,18,36,72943.6,0.5674647004773075,0,,Low
A0889,22556.84,19,19,41329.47,23,22,42,63886.31,1.8322366962748329,0,,Low
A1899,44444.43,22,22,29481.69,16,16,38,73926.12,0.6633382405849282,0,,Low
A1900,35848.54,18,18,34614.06,14,14,32,70462.6,0.9655640090224036,0,,Low
A0157,42844.7,23,23,27085.08,25,24,48,69929.78,0.6321687396574138,0,,Low
A0159,45363.92,21,21,37844.43,20,20,41,83208.35,0.8342407358094275,0,,Low
A1875,17068.04,14,14,49378.7,19,19,33,66446.73999999999,2.893050402975385,0,,Low
A1882,40140.77,19,19,37488.37,21,20,40,77629.14000000001,0.9339225430902296,0,,Low
A0135,49747.23,20,20,18110.76,19,19,39,67857.99,0.3640556469174263,0,,Low
A0935,24517.89,14,14,14776.82,14,14,28,39294.71,0.6026954195487458,0,,Low
A0939,28397.27,23,22,59323.83,23,23,46,87721.1,2.089068068867183,0,,Low
A1121,57013.79,21,21,47022.33,22,22,43,104036.12,0.8247536253948387,0,,Low
A1132,51889.16,23,23,48490.69,23,23,46,100379.85,0.9345052030135004,0,,Low
A1133,47122.96,20,20,32963.56,23,23,43,80086.51999999999,0.6995222710967223,0,,Low
A1134,26830.48,21,21,57458.42,24,24,45,84288.9,2.141535298660329,0,,Low
A0918,32463.99,21,21,47660.18,22,22,43,80124.17,1.4680937247701222,0,,Low
A0922,32164.41,22,22,32564.36,23,23,45,64728.77,1.012434551107886,0,,Low
A0972,29494.11,24,24,32155.07,22,22,46,61649.18,1.090220047324703,0,,Low
A0976,39990.16,18,18,29351.89,24,24,42,69342.05,0.733977808540901,0,,Low
A0947,24303.5,18,18,43485.54,24,24,42,67789.04000000001,1.7892706811776082,0,,Low
A0949,33304.57,22,21,48994.85,24,24,46,82299.42,1.4711149250688418,0,,Low
A0951,49553.98,24,24,28256.0,16,15,40,77809.98,0.5702064697931428,0,,Low
A0953,20107.81,20,20,28575.3,15,15,35,48683.11,1.421104535998699,0,,Low
A1111,36966.64,22,22,45505.66,23,23,45,82472.3,1.2309925922399223,0,,Low
A1115,56847.78,23,23,38317.58,21,21,44,95165.36,0.6740382825855293,0,,Low
A1116,29760.21,19,19,36124.62,22,20,41,65884.83,1.213856353836213,0,,Low
A1120,38773.75,22,22,47590.32,22,22,44,86364.07,1.2273850220832394,0,,Low
A0932,35565.119999999995,20,20,28054.04,24,24,44,63619.16,0.7888076857325381,0,,Low
A0142,47954.76,24,24,31155.61,16,16,40,79110.37,0.6496875388386888,0,,Low
A0144,33571.4,22,22,70620.31,21,21,43,104191.71,2.1035854924131847,0,,Low
A0120,49863.130000000005,18,18,52866.05,20,20,38,102729.18,1.0602232551386164,0,,Low
A0127,22504.61,19,19,39974.01,19,19,38,62478.62,1.7762587309888953,0,,Low
A0128,29274.08,18,18,51350.83,23,23,41,80624.91,1.7541398397490202,0,,Low
A1896,46269.43,23,22,23635.01,20,20,43,69904.44,0.5108126467086368,0,,Low
A0979,23834.6,19,19,35833.92,21,20,40,59668.52,1.5034412157116126,0,,Low
A0980,39504.59,24,24,26235.7,18,18,42,65740.29,0.6641177645433101,0,,Low
A1011,26254.46,23,23,29174.5,17,17,40,55428.96,1.111220722117309,0,,Low
A1907,26269.1,21,21,42098.18,22,22,43,68367.28,1.6025741270161522,0,,Low
A1914,32850.8,18,18,31353.54,21,21,39,64204.34,0.9544224189365252,0,,Low
A1916,35627.68,23,23,47442.39,25,24,48,83070.07,1.3316160356217412,0,,Low
A1917,39316.25,21,21,28800.59,19,19,40,68116.84,0.7325365465933298,0,,Low
A0089,34123.21,22,22,38262.59,21,21,43,72385.79999999999,1.121306875877152,0,,Low
A1100,34188.91,24,24,43853.86,24,24,48,78042.77,1.2826925456237124,0,,Low
A1102,47861.48,24,24,39638.68,25,24,49,87500.16,0.8281958685774029,0,,Low
A1103,53494.1,24,24,46706.63,21,21,45,100200.73,0.8731174092096138,0,,Low
A0961,72661.77,24,24,34148.88,23,23,47,106810.65,0.4699703847016112,0,,Low
A0964,34997.89,23,23,37203.15,18,18,41,72201.04000000001,1.0630112272482712,0,,Low
A0967,61614.2,24,24,38294.12,19,19,43,99908.32,0.6215145210032752,0,,Low
A0971,43187.19,24,24,25195.96,18,18,42,68383.15,0.583412812919757,0,,Low
A1001,37300.74,24,24,28444.63,19,19,43,65745.37,0.7625754877785267,0,,Low
A1058,20349.64,21,20,30540.99,19,19,40,50890.63,1.5008122993822004,0,,Low
A0995,37526.33,21,21,22748.15,20,20,41,60274.48,0.6061917059302095,0,,Low
A1000,32608.51,15,15,58912.42,22,22,37,91520.93,1.806657832571927,0,,Low
A0091,36690.6,17,17,27078.1,18,18,35,63768.7,0.7380119158585577,0,,Low
A1928,22331.52,19,19,56868.26,22,22,41,79199.78,2.5465467643940043,0,,Low
A1934,43021.8,24,24,37056.22,24,24,48,80078.02,0.8613358808789962,0,,Low
A0065,53328.9,24,23,35444.0,19,19,43,88772.9,0.6646302473893142,0,,Low
A0067,41749.44,23,23,56803.34,22,21,45,98552.78,1.360577291575647,0,,Low
A0075,33410.48,24,24,34440.72,23,23,47,67851.20000000001,1.030835833546839,0,,Low
A1003,34444.51,13,13,50092.1,23,22,36,84536.61,1.4542840063626974,0,,Low
A1006,29950.54,20,20,46442.82,19,19,39,76393.36,1.550650505800563,0,,Low
A1073,32742.47,21,20,34986.4,24,24,45,67728.87,1.068532703855268,0,,Low
A1074,24823.51,11,11,30947.34,19,19,30,55770.85,1.2466947663726846,0,,Low
A1080,47531.21,23,23,29956.71,21,21,44,77487.92,0.630253469246838,0,,Low
A1085,50280.45,23,22,32078.18,22,21,45,82358.63,0.6379851413422116,0,,Low
A0978,21771.81,21,21,36256.27,22,22,43,58028.08,1.6652850635753296,0,,Low
A1999,50959.06,24,23,41134.51,23,23,47,92093.57,0.8072070010710559,0,,Low
A0041,23050.07,23,23,49669.06,23,23,46,72719.13,2.1548333692695945,0,,Low
A0045,26482.96,24,24,25531.43,17,17,41,52014.39,0.9640701039460846,0,,Low
A0046,48223.83,24,24,46674.19,24,24,48,94898.02,0.9678656796857488,0,,Low
A0048,28270.94,22,21,46700.86,17,17,39,74971.8,1.6519033325386423,0,,Low
A1979,35846.5,24,24,74306.83,19,19,43,110153.33,2.0729173001548267,0,,Low
A1981,64163.88,23,23,21187.69,14,14,37,85351.56999999999,0.3302121068738362,0,,Low
A1982,48083.72,24,24,59405.03,24,23,48,107488.75,1.23544996102631,0,,Low
A0008,31792.08,21,21,44585.32,24,23,45,76377.4,1.4024033658697386,0,,Low
A0076,26380.31,19,19,46201.38,24,23,43,72581.69,1.7513584942709162,0,,Low
A1027,47659.99,22,22,36420.23,24,24,46,84080.22,0.7641678061619401,0,,Low
A1028,31971.54,21,20,26441.46,18,18,39,58413.0,0.8270311658431216,0,,Low
A1035,20716.2,19,19,40600.29,15,15,34,61316.490000000005,1.959832884409303,0,,Low
A1039,30281.45,19,19,34769.99,24,24,43,65051.44,1.1482273801287586,0,,Low
A1052,23866.73,24,24,28575.0,22,22,46,52441.73,1.197273359190807,0,,Low
A1053,39261.37,21,21,26190.02,20,20,41,65451.39,0.6670684186517181,0,,Low
A1517,28286.49,17,17,64440.18,24,24,41,92726.67,2.2781257059465494,0,,Low
A0500,41901.3,23,22,38475.27,24,24,47,80376.57,0.918235711063857,0,,Low
A0502,38596.51,21,21,35692.89,24,24,45,74289.4,0.9247698820437392,0,,Low
A1521,21861.04,20,20,52498.98,25,23,45,74360.02,2.4014859311359387,0,,Low
A1525,30086.26,22,22,51266.7,22,21,44,81352.95999999999,1.7039904594323123,0,,Low
A1531,30261.56,21,21,27166.74,21,21,42,57428.3,0.8977309828045876,0,,Low
A1536,46223.9,24,24,42972.74,20,20,44,89196.63999999998,0.9296649568729596,0,,Low
A0482,34551.27,23,23,60356.04,24,24,47,94907.31,1.746854457158883,0,,Low
A0484,20862.13,15,15,36485.35,24,24,39,57347.48,1.7488794288981997,0,,Low
A0485,33885.01,24,24,31785.8,23,23,47,65670.81,0.9380490075109909,0,,Low
A0486,43028.85,24,24,75490.41,24,23,48,118519.26,1.754413840946249,0,,Low
A0487,38225.96,24,24,68215.05,21,21,45,106441.01,1.784521565972444,0,,Low
A0526,32836.48,22,22,58778.74,21,21,43,91615.22,1.7900438780283394,0,,Low
A0015,35944.82,21,21,29700.1,18,18,39,65644.92,0.8262692649455471,0,,Low
A1992,43323.9,23,23,50361.04,23,23,46,93684.94,1.1624308984186558,0,,Low
A1996,40418.87,21,21,27942.2,15,15,36,68361.07,0.6913157146649572,0,,Low
